IdVenta,IdProducto,IdCliente,IdTiempo,IdGeografia,IdSucursal,IdPromocion,IdMetodoPago,Cantidad,Monto_Bruto,Monto_Descuento,Monto_Neto
60,10,6,20250416,11,1,3,5,5,1950.00,390.0,1560.0
86,3,5,20250323,2,1,3,5,7,35700.00,7140.0,28560.0
134,10,7,20241010,11,1,3,5,7,2730.00,546.0,2184.0
176,6,9,20250528,6,1,3,5,4,840.00,168.0,672.0
353,7,2,20241026,1,1,3,5,2,3700.00,740.0,2960.0
455,7,5,20230302,3,1,3,5,4,7400.00,1480.0,5920.0
591,10,1,20240816,12,1,3,5,2,780.00,156.0,624.0
668,6,1,20231224,7,1,3,5,4,840.00,168.0,672.0
722,8,7,20251126,1,1,3,5,1,950.00,190.0,760.0
818,2,7,20240910,14,1,3,5,2,5000.00,1000.0,4000.0
842,10,3,20240810,10,1,3,5,1,390.00,78.0,312.0
993,4,6,20250605,13,1,3,5,5,1600.00,320.0,1280.0
1004,1,1,20230511,14,1,3,5,5,21000.00,4200.0,16800.0
1035,6,8,20231018,3,1,3,5,7,1470.00,294.0,1176.0
1276,1,3,20231211,8,1,3,5,8,33600.00,6720.0,26880.0
1282,5,2,20230826,2,1,3,5,4,2720.00,544.0,2176.0
1494,5,8,20230301,8,1,3,5,2,1360.00,272.0,1088.0
1546,11,2,20241109,6,1,3,5,8,7600.00,1520.0,6080.0
1599,5,10,20250525,4,1,3,5,7,4760.00,952.0,3808.0
1668,5,8,20250210,4,1,3,5,8,5440.00,1088.0,4352.0
1802,11,1,20240709,7,1,3,5,2,1900.00,380.0,1520.0
1873,8,9,20230510,8,1,3,5,5,4750.00,950.0,3800.0
1986,4,5,20250703,14,1,3,5,6,1920.00,384.0,1536.0
1994,11,6,20230202,5,1,3,5,8,7600.00,1520.0,6080.0
2303,4,9,20230711,9,1,3,5,9,2880.00,576.0,2304.0
2315,6,11,20251221,6,1,3,5,5,1050.00,210.0,840.0
2446,9,7,20250430,7,1,3,5,9,2520.00,504.0,2016.0
2725,1,11,20250620,14,1,3,5,4,16800.00,3360.0,13440.0
2734,7,6,20240605,6,1,3,5,5,9250.00,1850.0,7400.0
2814,4,6,20230117,4,1,3,5,8,2560.00,512.0,2048.0
2869,5,5,20251019,8,1,3,5,9,6120.00,1224.0,4896.0
3151,7,11,20250316,12,1,3,5,9,16650.00,3330.0,13320.0
3154,4,10,20250528,7,1,3,5,8,2560.00,512.0,2048.0
3175,4,6,20230502,11,1,3,5,7,2240.00,448.0,1792.0
3188,3,1,20240417,13,1,3,5,9,45900.00,9180.0,36720.0
3413,11,2,20241126,11,1,3,5,5,4750.00,950.0,3800.0
3442,10,5,20230403,11,1,3,5,9,3510.00,702.0,2808.0
3463,8,4,20241018,8,1,3,5,2,1900.00,380.0,1520.0
3490,1,3,20240915,10,1,3,5,6,25200.00,5040.0,20160.0
3494,5,7,20240803,3,1,3,5,6,4080.00,816.0,3264.0
4064,10,5,20231001,4,1,3,5,8,3120.00,624.0,2496.0
4183,3,10,20241022,15,1,3,5,6,30600.00,6120.0,24480.0
4231,1,5,20250228,3,1,3,5,9,37800.00,7560.0,30240.0
4285,1,7,20251214,8,1,3,5,8,33600.00,6720.0,26880.0
4492,10,4,20240108,7,1,3,5,7,2730.00,546.0,2184.0
4524,9,9,20240807,14,1,3,5,7,1960.00,392.0,1568.0
4534,4,6,20230320,7,1,3,5,2,640.00,128.0,512.0
4558,2,4,20230312,1,1,3,5,5,12500.00,2500.0,10000.0
4567,7,1,20250311,8,1,3,5,8,14800.00,2960.0,11840.0
4680,10,2,20250601,1,1,3,5,9,3510.00,702.0,2808.0
4789,7,11,20240419,7,1,3,5,6,11100.00,2220.0,8880.0
4805,8,10,20230127,3,1,3,5,10,9500.00,1900.0,7600.0
5062,2,4,20230530,9,1,3,5,6,15000.00,3000.0,12000.0
5227,2,8,20251129,6,1,3,5,10,25000.00,5000.0,20000.0
5445,4,6,20241119,11,1,3,5,6,1920.00,384.0,1536.0
5645,5,2,20250619,2,1,3,5,6,4080.00,816.0,3264.0
5699,1,9,20230125,14,1,3,5,9,37800.00,7560.0,30240.0
5717,9,7,20240517,2,1,3,5,4,1120.00,224.0,896.0
5765,4,11,20230708,2,1,3,5,8,2560.00,512.0,2048.0
5822,11,1,20241016,15,1,3,5,1,950.00,190.0,760.0
5824,9,6,20240403,5,1,3,5,2,560.00,112.0,448.0
6020,4,4,20250321,8,1,3,5,5,1600.00,320.0,1280.0
6178,5,5,20230429,8,1,3,5,4,2720.00,544.0,2176.0
6220,5,9,20240130,8,1,3,5,4,2720.00,544.0,2176.0
6244,4,8,20250420,11,1,3,5,3,960.00,192.0,768.0
6274,10,10,20240413,10,1,3,5,5,1950.00,390.0,1560.0
6648,1,9,20251121,13,1,3,5,1,4200.00,840.0,3360.0
6933,7,7,20240625,12,1,3,5,3,5550.00,1110.0,4440.0
6998,6,10,20240222,3,1,3,5,5,1050.00,210.0,840.0
7033,6,4,20230116,9,1,3,5,6,1260.00,252.0,1008.0
7256,6,10,20241109,11,1,3,5,3,630.00,126.0,504.0
7264,7,4,20240623,6,1,3,5,8,14800.00,2960.0,11840.0
7271,4,2,20240504,2,1,3,5,7,2240.00,448.0,1792.0
7598,2,5,20240402,10,1,3,5,8,20000.00,4000.0,16000.0
7643,9,1,20241217,1,1,3,5,10,2800.00,560.0,2240.0
7678,5,10,20241031,6,1,3,5,6,4080.00,816.0,3264.0
7831,4,2,20240929,12,1,3,5,3,960.00,192.0,768.0
7897,4,3,20231116,5,1,3,5,5,1600.00,320.0,1280.0
7914,1,2,20250429,8,1,3,5,4,16800.00,3360.0,13440.0
8015,11,11,20230207,3,1,3,5,10,9500.00,1900.0,7600.0
8196,3,11,20250303,15,1,3,5,6,30600.00,6120.0,24480.0
8300,3,8,20251005,1,1,3,5,10,51000.00,10200.0,40800.0
8388,7,10,20250313,4,1,3,5,5,9250.00,1850.0,7400.0
8465,2,3,20251125,5,1,3,5,4,10000.00,2000.0,8000.0
8532,6,11,20250827,3,1,3,5,4,840.00,168.0,672.0
8620,5,1,20251022,4,1,3,5,2,1360.00,272.0,1088.0
8836,11,5,20240519,4,1,3,5,9,8550.00,1710.0,6840.0
8970,3,8,20240627,2,1,3,5,2,10200.00,2040.0,8160.0
8987,10,5,20250402,1,1,3,5,10,3900.00,780.0,3120.0
9152,10,1,20240129,14,1,3,5,2,780.00,156.0,624.0
9342,6,9,20250714,12,1,3,5,9,1890.00,378.0,1512.0
9376,2,9,20250619,9,1,3,5,8,20000.00,4000.0,16000.0
9401,9,11,20240620,5,1,3,5,6,1680.00,336.0,1344.0
9408,1,8,20230408,3,1,3,5,9,37800.00,7560.0,30240.0
9424,11,3,20251025,2,1,3,5,8,7600.00,1520.0,6080.0
9552,3,5,20250706,10,1,3,5,1,5100.00,1020.0,4080.0
9634,1,6,20230127,13,1,3,5,5,21000.00,4200.0,16800.0
9751,6,10,20240907,10,1,3,5,9,1890.00,378.0,1512.0
9891,2,3,20251027,10,1,3,5,9,22500.00,4500.0,18000.0
9902,5,10,20250429,15,1,3,5,8,5440.00,1088.0,4352.0
10006,7,8,20251011,5,1,3,5,7,12950.00,2590.0,10360.0
10032,9,1,20231116,13,1,3,5,6,1680.00,336.0,1344.0
10376,3,3,20241021,13,1,3,5,4,20400.00,4080.0,16320.0
10485,7,5,20250812,8,1,3,5,5,9250.00,1850.0,7400.0
10501,7,2,20231226,3,1,3,5,2,3700.00,740.0,2960.0
10653,1,8,20250322,8,1,3,5,8,33600.00,6720.0,26880.0
10693,3,8,20241011,12,1,3,5,3,15300.00,3060.0,12240.0
10919,9,10,20230524,2,1,3,5,3,840.00,168.0,672.0
11096,4,5,20231213,6,1,3,5,9,2880.00,576.0,2304.0
11106,5,7,20240216,10,1,3,5,9,6120.00,1224.0,4896.0
11214,10,4,20240523,5,1,3,5,7,2730.00,546.0,2184.0
11334,3,11,20241018,6,1,3,5,7,35700.00,7140.0,28560.0
11357,8,11,20250414,1,1,3,5,10,9500.00,1900.0,7600.0
11453,6,3,20231128,6,1,3,5,7,1470.00,294.0,1176.0
11489,11,9,20240316,7,1,3,5,1,950.00,190.0,760.0
11510,2,4,20251011,7,1,3,5,5,12500.00,2500.0,10000.0
11531,2,2,20250308,8,1,3,5,5,12500.00,2500.0,10000.0
12160,11,11,20231019,14,1,3,5,1,950.00,190.0,760.0
12260,7,11,20230917,14,1,3,5,1,1850.00,370.0,1480.0
12415,10,6,20250430,9,1,3,5,6,2340.00,468.0,1872.0
12435,6,2,20240529,1,1,3,5,9,1890.00,378.0,1512.0
12450,10,11,20251024,2,1,3,5,1,390.00,78.0,312.0
12494,3,4,20230129,9,1,3,5,1,5100.00,1020.0,4080.0
12579,1,5,20240420,9,1,3,5,6,25200.00,5040.0,20160.0
12627,4,5,20230713,7,1,3,5,2,640.00,128.0,512.0
12758,2,1,20231018,14,1,3,5,5,12500.00,2500.0,10000.0
12764,9,7,20240608,1,1,3,5,1,280.00,56.0,224.0
12778,9,8,20240330,10,1,3,5,8,2240.00,448.0,1792.0
12907,1,1,20240229,1,1,3,5,7,29400.00,5880.0,23520.0
13192,8,7,20250818,3,1,3,5,9,8550.00,1710.0,6840.0
13201,10,7,20230518,10,1,3,5,2,780.00,156.0,624.0
13266,8,7,20240929,6,1,3,5,3,2850.00,570.0,2280.0
13383,8,6,20251212,4,1,3,5,1,950.00,190.0,760.0
13461,11,5,20241018,7,1,3,5,7,6650.00,1330.0,5320.0
13496,10,11,20230721,10,1,3,5,6,2340.00,468.0,1872.0
13528,5,9,20240801,12,1,3,5,5,3400.00,680.0,2720.0
13534,5,3,20251013,10,1,3,5,10,6800.00,1360.0,5440.0
13573,6,7,20231209,11,1,3,5,5,1050.00,210.0,840.0
13698,2,11,20240513,15,1,3,5,6,15000.00,3000.0,12000.0
13798,4,10,20240120,1,1,3,5,8,2560.00,512.0,2048.0
13911,2,10,20251026,8,1,3,5,2,5000.00,1000.0,4000.0
13983,9,10,20230504,4,1,3,5,10,2800.00,560.0,2240.0
14140,1,3,20250221,8,1,3,5,4,16800.00,3360.0,13440.0
14199,4,11,20230329,2,1,3,5,8,2560.00,512.0,2048.0
14202,5,5,20251216,11,1,3,5,4,2720.00,544.0,2176.0
14461,5,1,20230612,8,1,3,5,10,6800.00,1360.0,5440.0
14505,6,9,20250313,10,1,3,5,8,1680.00,336.0,1344.0
14582,5,8,20250615,12,1,3,5,5,3400.00,680.0,2720.0
14585,8,9,20230104,15,1,3,5,10,9500.00,1900.0,7600.0
14621,8,5,20250609,3,1,3,5,9,8550.00,1710.0,6840.0
14647,11,6,20230624,7,1,3,5,10,9500.00,1900.0,7600.0
14672,6,1,20251225,15,1,3,5,7,1470.00,294.0,1176.0
14819,5,1,20230723,2,1,3,5,10,6800.00,1360.0,5440.0
14860,9,11,20251029,11,1,3,5,2,560.00,112.0,448.0
15188,4,10,20250416,8,1,3,5,9,2880.00,576.0,2304.0
15253,11,4,20230312,11,1,3,5,2,1900.00,380.0,1520.0
15330,8,9,20250328,11,1,3,5,10,9500.00,1900.0,7600.0
15475,11,11,20240920,8,1,3,5,9,8550.00,1710.0,6840.0
15525,3,9,20231229,10,1,3,5,6,30600.00,6120.0,24480.0
15604,11,7,20251025,14,1,3,5,10,9500.00,1900.0,7600.0
15628,1,11,20250822,13,1,3,5,4,16800.00,3360.0,13440.0
15755,1,10,20250410,15,1,3,5,2,8400.00,1680.0,6720.0
15964,5,9,20240715,9,1,3,5,5,3400.00,680.0,2720.0
15979,10,1,20250724,2,1,3,5,7,2730.00,546.0,2184.0
16091,10,8,20250818,5,1,3,5,1,390.00,78.0,312.0
16131,11,7,20250122,13,1,3,5,1,950.00,190.0,760.0
16262,3,2,20240107,10,1,3,5,8,40800.00,8160.0,32640.0
16314,4,3,20230409,14,1,3,5,10,3200.00,640.0,2560.0
16479,3,8,20250926,11,1,3,5,6,30600.00,6120.0,24480.0
16777,6,10,20250724,15,1,3,5,9,1890.00,378.0,1512.0
16779,3,1,20250721,1,1,3,5,1,5100.00,1020.0,4080.0
16848,6,10,20251001,11,1,3,5,9,1890.00,378.0,1512.0
16903,11,11,20230319,13,1,3,5,7,6650.00,1330.0,5320.0
17024,11,8,20230602,11,1,3,5,2,1900.00,380.0,1520.0
17145,1,8,20251203,7,1,3,5,8,33600.00,6720.0,26880.0
17218,3,10,20230517,4,1,3,5,9,45900.00,9180.0,36720.0
17219,3,2,20240109,11,1,3,5,3,15300.00,3060.0,12240.0
17384,2,4,20250402,11,1,3,5,9,22500.00,4500.0,18000.0
17392,9,2,20251226,6,1,3,5,8,2240.00,448.0,1792.0
17416,7,10,20230916,7,1,3,5,6,11100.00,2220.0,8880.0
17567,8,1,20230107,13,1,3,5,9,8550.00,1710.0,6840.0
17671,6,4,20230706,3,1,3,5,1,210.00,42.0,168.0
17698,9,6,20240419,12,1,3,5,1,280.00,56.0,224.0
17826,10,4,20230315,15,1,3,5,5,1950.00,390.0,1560.0
17955,1,9,20251214,9,1,3,5,6,25200.00,5040.0,20160.0
18430,6,8,20230921,3,1,3,5,3,630.00,126.0,504.0
18552,10,10,20250221,1,1,3,5,8,3120.00,624.0,2496.0
18616,6,4,20240806,8,1,3,5,8,1680.00,336.0,1344.0
18767,10,6,20240404,13,1,3,5,10,3900.00,780.0,3120.0
19080,7,10,20251227,2,1,3,5,6,11100.00,2220.0,8880.0
19216,3,1,20250801,5,1,3,5,2,10200.00,2040.0,8160.0
19233,2,9,20240910,4,1,3,5,6,15000.00,3000.0,12000.0
19454,3,10,20231109,1,1,3,5,9,45900.00,9180.0,36720.0
19459,6,6,20231209,14,1,3,5,3,630.00,126.0,504.0
19475,10,9,20230704,7,1,3,5,6,2340.00,468.0,1872.0
19616,9,6,20241231,7,1,3,5,6,1680.00,336.0,1344.0
19730,2,2,20250618,4,1,3,5,9,22500.00,4500.0,18000.0
19826,1,7,20230526,1,1,3,5,1,4200.00,840.0,3360.0
19880,8,4,20241010,3,1,3,5,2,1900.00,380.0,1520.0
19999,4,3,20240829,4,1,3,5,10,3200.00,640.0,2560.0
20099,5,9,20240911,4,1,3,5,2,1360.00,272.0,1088.0
20228,2,9,20230512,1,1,3,5,3,7500.00,1500.0,6000.0
20411,4,10,20230327,12,1,3,5,10,3200.00,640.0,2560.0
20447,1,1,20250415,14,1,3,5,4,16800.00,3360.0,13440.0
20576,1,3,20240818,9,1,3,5,3,12600.00,2520.0,10080.0
20782,10,6,20250629,8,1,3,5,4,1560.00,312.0,1248.0
20869,4,1,20250725,6,1,3,5,5,1600.00,320.0,1280.0
20907,11,1,20230207,11,1,3,5,8,7600.00,1520.0,6080.0
20975,2,11,20231108,1,1,3,5,5,12500.00,2500.0,10000.0
21009,5,3,20241203,11,1,3,5,6,4080.00,816.0,3264.0
21053,4,6,20230228,5,1,3,5,8,2560.00,512.0,2048.0
21212,8,10,20240510,7,1,3,5,9,8550.00,1710.0,6840.0
21334,1,7,20240202,6,1,3,5,5,21000.00,4200.0,16800.0
21365,3,4,20240415,10,1,3,5,8,40800.00,8160.0,32640.0
21397,7,5,20250928,15,1,3,5,8,14800.00,2960.0,11840.0
21510,9,10,20250106,3,1,3,5,1,280.00,56.0,224.0
21574,7,7,20240620,4,1,3,5,7,12950.00,2590.0,10360.0
21904,10,11,20240409,12,1,3,5,7,2730.00,546.0,2184.0
22033,10,4,20230710,10,1,3,5,8,3120.00,624.0,2496.0
22069,9,5,20251004,7,1,3,5,10,2800.00,560.0,2240.0
22261,11,10,20230315,12,1,3,5,5,4750.00,950.0,3800.0
22302,9,2,20230719,8,1,3,5,1,280.00,56.0,224.0
22333,8,3,20241214,7,1,3,5,10,9500.00,1900.0,7600.0
22404,3,4,20240413,13,1,3,5,5,25500.00,5100.0,20400.0
22423,1,10,20231127,8,1,3,5,1,4200.00,840.0,3360.0
22479,1,11,20251211,5,1,3,5,3,12600.00,2520.0,10080.0
22534,10,7,20251010,1,1,3,5,7,2730.00,546.0,2184.0
22558,8,7,20231007,7,1,3,5,5,4750.00,950.0,3800.0
22660,11,11,20250430,7,1,3,5,10,9500.00,1900.0,7600.0
22702,10,7,20240225,5,1,3,5,10,3900.00,780.0,3120.0
22748,6,1,20250904,2,1,3,5,7,1470.00,294.0,1176.0
22798,3,7,20230823,14,1,3,5,2,10200.00,2040.0,8160.0
22926,7,1,20251106,2,1,3,5,2,3700.00,740.0,2960.0
23014,10,6,20250703,12,1,3,5,4,1560.00,312.0,1248.0
23108,6,8,20231026,12,1,3,5,2,420.00,84.0,336.0
23234,2,3,20230305,15,1,3,5,10,25000.00,5000.0,20000.0
23318,8,8,20250322,8,1,3,5,9,8550.00,1710.0,6840.0
23388,4,11,20231202,11,1,3,5,9,2880.00,576.0,2304.0
23400,4,8,20240723,10,1,3,5,6,1920.00,384.0,1536.0
23407,5,10,20251125,2,1,3,5,8,5440.00,1088.0,4352.0
23792,2,4,20241230,13,1,3,5,6,15000.00,3000.0,12000.0
23968,5,8,20240310,4,1,3,5,1,680.00,136.0,544.0
24067,8,11,20251030,11,1,3,5,3,2850.00,570.0,2280.0
24096,2,6,20240407,8,1,3,5,10,25000.00,5000.0,20000.0
24154,4,2,20250926,10,1,3,5,9,2880.00,576.0,2304.0
24191,1,5,20230111,13,1,3,5,6,25200.00,5040.0,20160.0
24250,3,3,20230212,12,1,3,5,7,35700.00,7140.0,28560.0
24340,2,9,20240702,5,1,3,5,3,7500.00,1500.0,6000.0
24570,2,11,20250302,3,1,3,5,8,20000.00,4000.0,16000.0
24688,9,3,20240705,12,1,3,5,1,280.00,56.0,224.0
24725,11,7,20240702,14,1,3,5,2,1900.00,380.0,1520.0
24766,5,9,20240718,13,1,3,5,1,680.00,136.0,544.0
24814,11,10,20251025,10,1,3,5,8,7600.00,1520.0,6080.0
24924,8,3,20250329,8,1,3,5,1,950.00,190.0,760.0
24953,1,10,20230116,6,1,3,5,7,29400.00,5880.0,23520.0
25063,2,9,20231211,9,1,3,5,5,12500.00,2500.0,10000.0
25177,9,11,20240519,9,1,3,5,6,1680.00,336.0,1344.0
25197,3,9,20240630,11,1,3,5,8,40800.00,8160.0,32640.0
25211,10,9,20250520,2,1,3,5,2,780.00,156.0,624.0
25228,4,8,20250804,15,1,3,5,2,640.00,128.0,512.0
25288,11,6,20230120,8,1,3,5,1,950.00,190.0,760.0
25364,2,3,20230608,12,1,3,5,8,20000.00,4000.0,16000.0
25485,5,1,20230930,1,1,3,5,8,5440.00,1088.0,4352.0
25582,7,7,20230604,14,1,3,5,6,11100.00,2220.0,8880.0
25657,7,5,20230903,12,1,3,5,7,12950.00,2590.0,10360.0
25715,5,1,20231201,8,1,3,5,2,1360.00,272.0,1088.0
25783,6,10,20230320,15,1,3,5,8,1680.00,336.0,1344.0
25840,10,10,20241214,11,1,3,5,5,1950.00,390.0,1560.0
25987,3,1,20230827,8,1,3,5,8,40800.00,8160.0,32640.0
26066,6,7,20230715,13,1,3,5,7,1470.00,294.0,1176.0
26121,10,6,20251219,12,1,3,5,7,2730.00,546.0,2184.0
26308,2,9,20230603,2,1,3,5,7,17500.00,3500.0,14000.0
26309,9,2,20241130,14,1,3,5,1,280.00,56.0,224.0
26504,3,3,20250610,15,1,3,5,5,25500.00,5100.0,20400.0
26763,6,6,20230601,5,1,3,5,9,1890.00,378.0,1512.0
26836,10,4,20230312,10,1,3,5,6,2340.00,468.0,1872.0
26905,7,5,20250811,7,1,3,5,9,16650.00,3330.0,13320.0
26916,4,9,20250325,9,1,3,5,2,640.00,128.0,512.0
26924,11,10,20230126,5,1,3,5,2,1900.00,380.0,1520.0
26999,10,9,20250920,6,1,3,5,5,1950.00,390.0,1560.0
27030,1,7,20240729,13,1,3,5,6,25200.00,5040.0,20160.0
27055,2,3,20230707,5,1,3,5,7,17500.00,3500.0,14000.0
27170,8,2,20241124,9,1,3,5,3,2850.00,570.0,2280.0
27231,3,5,20230312,1,1,3,5,3,15300.00,3060.0,12240.0
27277,6,6,20240604,12,1,3,5,3,630.00,126.0,504.0
27350,11,2,20241128,8,1,3,5,5,4750.00,950.0,3800.0
27469,9,11,20251211,10,1,3,5,10,2800.00,560.0,2240.0
27639,1,10,20250214,1,1,3,5,5,21000.00,4200.0,16800.0
27747,7,5,20240323,4,1,3,5,8,14800.00,2960.0,11840.0
27895,2,1,20251214,13,1,3,5,4,10000.00,2000.0,8000.0
27940,10,10,20231118,2,1,3,5,9,3510.00,702.0,2808.0
28022,3,6,20250402,1,1,3,5,3,15300.00,3060.0,12240.0
28042,11,9,20231217,7,1,3,5,9,8550.00,1710.0,6840.0
28051,2,8,20231127,12,1,3,5,10,25000.00,5000.0,20000.0
28155,11,7,20250328,9,1,3,5,5,4750.00,950.0,3800.0
28188,5,6,20240504,14,1,3,5,5,3400.00,680.0,2720.0
28456,1,7,20230131,15,1,3,5,5,21000.00,4200.0,16800.0
28490,8,7,20241117,3,1,3,5,3,2850.00,570.0,2280.0
28609,1,4,20230629,6,1,3,5,10,42000.00,8400.0,33600.0
28738,7,9,20230312,15,1,3,5,4,7400.00,1480.0,5920.0
28849,7,7,20240316,3,1,3,5,9,16650.00,3330.0,13320.0
28872,6,7,20231103,7,1,3,5,9,1890.00,378.0,1512.0
28893,3,4,20250124,8,1,3,5,7,35700.00,7140.0,28560.0
29157,1,6,20241018,15,1,3,5,6,25200.00,5040.0,20160.0
29182,2,7,20240203,13,1,3,5,3,7500.00,1500.0,6000.0
29209,5,9,20250523,14,1,3,5,5,3400.00,680.0,2720.0
29210,7,9,20251109,6,1,3,5,2,3700.00,740.0,2960.0
29261,10,8,20251124,9,1,3,5,8,3120.00,624.0,2496.0
29313,6,7,20241216,14,1,3,5,9,1890.00,378.0,1512.0
29331,3,4,20240712,6,1,3,5,4,20400.00,4080.0,16320.0
29379,6,5,20230202,7,1,3,5,6,1260.00,252.0,1008.0
29748,6,9,20230518,5,1,3,5,6,1260.00,252.0,1008.0
29754,6,7,20251212,14,1,3,5,2,420.00,84.0,336.0
29847,4,6,20230521,6,1,3,5,3,960.00,192.0,768.0
29879,3,7,20230131,4,1,3,5,8,40800.00,8160.0,32640.0
30036,11,2,20240105,13,1,3,5,6,5700.00,1140.0,4560.0
30182,4,11,20250606,10,1,3,5,6,1920.00,384.0,1536.0
30204,7,3,20240109,4,1,3,5,4,7400.00,1480.0,5920.0
30248,8,7,20251011,12,1,3,5,5,4750.00,950.0,3800.0
30276,8,4,20240215,11,1,3,5,6,5700.00,1140.0,4560.0
30301,1,10,20241212,11,1,3,5,3,12600.00,2520.0,10080.0
30434,7,5,20240922,1,1,3,5,1,1850.00,370.0,1480.0
30507,2,5,20240315,2,1,3,5,2,5000.00,1000.0,4000.0
30574,11,2,20240717,11,1,3,5,4,3800.00,760.0,3040.0
30600,9,9,20241105,14,1,3,5,8,2240.00,448.0,1792.0
30602,9,2,20231028,1,1,3,5,9,2520.00,504.0,2016.0
30789,2,11,20240812,8,1,3,5,3,7500.00,1500.0,6000.0
30912,10,5,20241103,14,1,3,5,2,780.00,156.0,624.0
30914,10,9,20231025,12,1,3,5,5,1950.00,390.0,1560.0
31035,11,7,20230302,7,1,3,5,8,7600.00,1520.0,6080.0
31079,3,7,20250315,1,1,3,5,10,51000.00,10200.0,40800.0
31191,10,6,20250622,13,1,3,5,7,2730.00,546.0,2184.0
31276,2,5,20240620,1,1,3,5,3,7500.00,1500.0,6000.0
31354,3,9,20231123,9,1,3,5,2,10200.00,2040.0,8160.0
31455,4,7,20240919,3,1,3,5,3,960.00,192.0,768.0
31498,11,8,20240620,1,1,3,5,6,5700.00,1140.0,4560.0
31532,2,5,20241028,6,1,3,5,6,15000.00,3000.0,12000.0
31615,6,1,20230821,14,1,3,5,8,1680.00,336.0,1344.0
31686,5,11,20240624,15,1,3,5,2,1360.00,272.0,1088.0
31713,7,4,20230407,10,1,3,5,9,16650.00,3330.0,13320.0
31728,10,9,20230311,6,1,3,5,4,1560.00,312.0,1248.0
31804,10,2,20250203,1,1,3,5,7,2730.00,546.0,2184.0
31917,1,2,20231003,7,1,3,5,3,12600.00,2520.0,10080.0
31945,8,3,20231111,7,1,3,5,7,6650.00,1330.0,5320.0
32031,3,7,20250508,11,1,3,5,8,40800.00,8160.0,32640.0
32051,7,11,20241014,4,1,3,5,6,11100.00,2220.0,8880.0
32217,2,3,20230926,5,1,3,5,6,15000.00,3000.0,12000.0
32280,1,5,20240420,9,1,3,5,10,42000.00,8400.0,33600.0
32344,6,5,20230827,15,1,3,5,3,630.00,126.0,504.0
32606,1,10,20230612,10,1,3,5,5,21000.00,4200.0,16800.0
32749,4,3,20250424,9,1,3,5,10,3200.00,640.0,2560.0
32755,3,3,20251006,3,1,3,5,9,45900.00,9180.0,36720.0
32758,8,1,20240807,8,1,3,5,3,2850.00,570.0,2280.0
32763,11,10,20250701,3,1,3,5,9,8550.00,1710.0,6840.0
32779,8,5,20241027,12,1,3,5,7,6650.00,1330.0,5320.0
32927,1,4,20250922,14,1,3,5,9,37800.00,7560.0,30240.0
32947,7,6,20250111,1,1,3,5,2,3700.00,740.0,2960.0
32984,2,2,20230929,15,1,3,5,4,10000.00,2000.0,8000.0
33086,11,3,20230912,9,1,3,5,7,6650.00,1330.0,5320.0
33153,8,2,20230306,7,1,3,5,9,8550.00,1710.0,6840.0
33346,2,5,20230530,8,1,3,5,10,25000.00,5000.0,20000.0
33638,4,10,20251010,1,1,3,5,6,1920.00,384.0,1536.0
33750,10,2,20251016,6,1,3,5,8,3120.00,624.0,2496.0
34032,9,1,20250301,11,1,3,5,2,560.00,112.0,448.0
34166,10,9,20240717,6,1,3,5,3,1170.00,234.0,936.0
34179,6,7,20230615,6,1,3,5,3,630.00,126.0,504.0
34795,2,4,20240430,4,1,3,5,7,17500.00,3500.0,14000.0
34908,10,9,20240901,7,1,3,5,2,780.00,156.0,624.0
34977,3,11,20251012,3,1,3,5,8,40800.00,8160.0,32640.0
183,7,5,20240803,4,1,3,4,2,3700.00,740.0,2960.0
284,1,5,20250908,12,1,3,4,5,21000.00,4200.0,16800.0
311,4,1,20250518,13,1,3,4,9,2880.00,576.0,2304.0
532,8,3,20251201,4,1,3,4,2,1900.00,380.0,1520.0
592,11,5,20250320,10,1,3,4,7,6650.00,1330.0,5320.0
741,1,6,20230216,12,1,3,4,8,33600.00,6720.0,26880.0
750,9,5,20240727,13,1,3,4,1,280.00,56.0,224.0
804,1,11,20230731,14,1,3,4,1,4200.00,840.0,3360.0
932,8,6,20250525,10,1,3,4,3,2850.00,570.0,2280.0
1081,3,9,20240409,1,1,3,4,2,10200.00,2040.0,8160.0
1149,1,7,20240715,11,1,3,4,7,29400.00,5880.0,23520.0
1159,11,1,20230716,9,1,3,4,7,6650.00,1330.0,5320.0
1274,10,8,20230725,7,1,3,4,8,3120.00,624.0,2496.0
1293,6,10,20231009,14,1,3,4,3,630.00,126.0,504.0
1325,9,4,20230704,5,1,3,4,6,1680.00,336.0,1344.0
1453,11,8,20240401,9,1,3,4,4,3800.00,760.0,3040.0
1506,4,7,20240921,4,1,3,4,3,960.00,192.0,768.0
1509,6,5,20231105,2,1,3,4,4,840.00,168.0,672.0
1551,8,7,20240112,1,1,3,4,8,7600.00,1520.0,6080.0
1657,6,11,20240329,14,1,3,4,7,1470.00,294.0,1176.0
1862,9,8,20240610,3,1,3,4,8,2240.00,448.0,1792.0
1899,1,11,20250724,6,1,3,4,1,4200.00,840.0,3360.0
1920,1,9,20230511,8,1,3,4,3,12600.00,2520.0,10080.0
1999,3,10,20250820,1,1,3,4,4,20400.00,4080.0,16320.0
2018,4,10,20250803,3,1,3,4,8,2560.00,512.0,2048.0
2059,6,5,20250701,7,1,3,4,1,210.00,42.0,168.0
2171,7,5,20230202,6,1,3,4,4,7400.00,1480.0,5920.0
2306,2,7,20240719,12,1,3,4,3,7500.00,1500.0,6000.0
2410,6,9,20231104,8,1,3,4,10,2100.00,420.0,1680.0
2429,4,4,20240617,9,1,3,4,3,960.00,192.0,768.0
2515,1,9,20231031,1,1,3,4,2,8400.00,1680.0,6720.0
2581,7,8,20231128,7,1,3,4,5,9250.00,1850.0,7400.0
2706,6,9,20230220,3,1,3,4,8,1680.00,336.0,1344.0
2894,9,4,20230818,13,1,3,4,9,2520.00,504.0,2016.0
2963,1,2,20240121,9,1,3,4,8,33600.00,6720.0,26880.0
2993,8,11,20240505,4,1,3,4,7,6650.00,1330.0,5320.0
3141,1,9,20250911,8,1,3,4,5,21000.00,4200.0,16800.0
3224,8,8,20250330,11,1,3,4,5,4750.00,950.0,3800.0
3326,5,9,20230222,10,1,3,4,7,4760.00,952.0,3808.0
3369,8,10,20230125,8,1,3,4,7,6650.00,1330.0,5320.0
3480,2,2,20230729,5,1,3,4,1,2500.00,500.0,2000.0
3517,9,4,20240423,10,1,3,4,4,1120.00,224.0,896.0
3547,6,6,20231119,10,1,3,4,7,1470.00,294.0,1176.0
3679,3,2,20230109,3,1,3,4,6,30600.00,6120.0,24480.0
3803,6,5,20230615,6,1,3,4,1,210.00,42.0,168.0
3885,6,9,20240103,15,1,3,4,7,1470.00,294.0,1176.0
3901,11,9,20230117,7,1,3,4,5,4750.00,950.0,3800.0
3902,10,10,20240130,5,1,3,4,6,2340.00,468.0,1872.0
3971,8,4,20241126,4,1,3,4,9,8550.00,1710.0,6840.0
4018,5,2,20230408,10,1,3,4,10,6800.00,1360.0,5440.0
4126,8,1,20250714,4,1,3,4,9,8550.00,1710.0,6840.0
4200,7,5,20250512,15,1,3,4,6,11100.00,2220.0,8880.0
4241,3,1,20240131,12,1,3,4,3,15300.00,3060.0,12240.0
4293,4,2,20240509,12,1,3,4,7,2240.00,448.0,1792.0
4377,6,5,20231224,12,1,3,4,7,1470.00,294.0,1176.0
4413,5,8,20241106,8,1,3,4,10,6800.00,1360.0,5440.0
4420,9,11,20240803,4,1,3,4,5,1400.00,280.0,1120.0
4425,7,4,20230301,10,1,3,4,1,1850.00,370.0,1480.0
4571,11,11,20240120,12,1,3,4,1,950.00,190.0,760.0
4622,2,7,20240605,2,1,3,4,5,12500.00,2500.0,10000.0
4656,11,8,20250619,15,1,3,4,4,3800.00,760.0,3040.0
4763,9,8,20250826,3,1,3,4,7,1960.00,392.0,1568.0
4807,10,1,20251222,5,1,3,4,4,1560.00,312.0,1248.0
5096,11,1,20251110,4,1,3,4,6,5700.00,1140.0,4560.0
5204,10,9,20240311,13,1,3,4,9,3510.00,702.0,2808.0
5212,7,3,20240908,14,1,3,4,8,14800.00,2960.0,11840.0
5264,5,9,20240104,15,1,3,4,2,1360.00,272.0,1088.0
5520,8,11,20251001,2,1,3,4,6,5700.00,1140.0,4560.0
5528,1,5,20241008,1,1,3,4,2,8400.00,1680.0,6720.0
5709,1,4,20250504,4,1,3,4,6,25200.00,5040.0,20160.0
5741,5,3,20240520,13,1,3,4,6,4080.00,816.0,3264.0
5809,1,6,20250503,15,1,3,4,3,12600.00,2520.0,10080.0
5838,6,10,20230905,5,1,3,4,8,1680.00,336.0,1344.0
5917,4,7,20231017,6,1,3,4,1,320.00,64.0,256.0
6308,8,8,20250427,11,1,3,4,4,3800.00,760.0,3040.0
6388,11,4,20241113,11,1,3,4,10,9500.00,1900.0,7600.0
6411,10,5,20250304,1,1,3,4,10,3900.00,780.0,3120.0
6583,5,1,20251118,5,1,3,4,6,4080.00,816.0,3264.0
6723,9,11,20230614,11,1,3,4,1,280.00,56.0,224.0
6838,5,5,20240831,9,1,3,4,10,6800.00,1360.0,5440.0
7005,5,10,20241107,8,1,3,4,5,3400.00,680.0,2720.0
7130,7,11,20231115,14,1,3,4,1,1850.00,370.0,1480.0
7182,6,6,20250608,13,1,3,4,2,420.00,84.0,336.0
7285,3,7,20240530,10,1,3,4,10,51000.00,10200.0,40800.0
7317,10,5,20230726,10,1,3,4,6,2340.00,468.0,1872.0
7432,11,7,20230117,2,1,3,4,8,7600.00,1520.0,6080.0
7484,4,7,20250806,4,1,3,4,6,1920.00,384.0,1536.0
7613,4,1,20241031,4,1,3,4,10,3200.00,640.0,2560.0
7614,10,1,20250126,8,1,3,4,10,3900.00,780.0,3120.0
7673,6,7,20250216,10,1,3,4,2,420.00,84.0,336.0
7889,5,5,20240502,5,1,3,4,7,4760.00,952.0,3808.0
7908,6,11,20240829,12,1,3,4,9,1890.00,378.0,1512.0
7950,2,2,20250923,4,1,3,4,9,22500.00,4500.0,18000.0
8046,4,3,20250708,14,1,3,4,7,2240.00,448.0,1792.0
8079,1,10,20230704,5,1,3,4,8,33600.00,6720.0,26880.0
8093,3,9,20250526,13,1,3,4,1,5100.00,1020.0,4080.0
8174,4,2,20251104,13,1,3,4,5,1600.00,320.0,1280.0
8270,8,5,20250612,12,1,3,4,10,9500.00,1900.0,7600.0
8369,2,10,20240816,5,1,3,4,9,22500.00,4500.0,18000.0
8485,4,5,20240223,9,1,3,4,5,1600.00,320.0,1280.0
8583,7,2,20230606,5,1,3,4,7,12950.00,2590.0,10360.0
8848,11,10,20230204,7,1,3,4,4,3800.00,760.0,3040.0
8870,6,7,20230530,10,1,3,4,1,210.00,42.0,168.0
8960,1,3,20250705,1,1,3,4,6,25200.00,5040.0,20160.0
9009,6,4,20251025,8,1,3,4,7,1470.00,294.0,1176.0
9074,2,8,20231222,14,1,3,4,3,7500.00,1500.0,6000.0
9286,8,3,20231116,4,1,3,4,2,1900.00,380.0,1520.0
9467,7,10,20240307,5,1,3,4,8,14800.00,2960.0,11840.0
9504,1,9,20251206,9,1,3,4,5,21000.00,4200.0,16800.0
9508,6,9,20230508,15,1,3,4,4,840.00,168.0,672.0
9845,2,11,20250213,8,1,3,4,3,7500.00,1500.0,6000.0
10049,10,6,20240316,10,1,3,4,1,390.00,78.0,312.0
10278,11,2,20250525,7,1,3,4,4,3800.00,760.0,3040.0
10338,7,3,20250819,5,1,3,4,8,14800.00,2960.0,11840.0
10362,8,9,20251108,1,1,3,4,1,950.00,190.0,760.0
10365,5,7,20231207,10,1,3,4,10,6800.00,1360.0,5440.0
10414,5,3,20251026,11,1,3,4,7,4760.00,952.0,3808.0
10468,10,8,20230902,4,1,3,4,3,1170.00,234.0,936.0
10903,6,3,20231016,11,1,3,4,1,210.00,42.0,168.0
10951,3,11,20240808,7,1,3,4,10,51000.00,10200.0,40800.0
10969,2,9,20250130,9,1,3,4,7,17500.00,3500.0,14000.0
11083,11,11,20250109,6,1,3,4,4,3800.00,760.0,3040.0
11156,2,9,20250813,13,1,3,4,10,25000.00,5000.0,20000.0
11158,6,1,20241214,8,1,3,4,6,1260.00,252.0,1008.0
11178,6,3,20230115,15,1,3,4,7,1470.00,294.0,1176.0
11292,7,6,20230510,6,1,3,4,6,11100.00,2220.0,8880.0
11433,5,7,20240608,7,1,3,4,3,2040.00,408.0,1632.0
11528,11,7,20230420,9,1,3,4,8,7600.00,1520.0,6080.0
11532,7,10,20250723,7,1,3,4,10,18500.00,3700.0,14800.0
11572,2,3,20240629,9,1,3,4,2,5000.00,1000.0,4000.0
11758,7,10,20230303,10,1,3,4,5,9250.00,1850.0,7400.0
11894,6,3,20240813,13,1,3,4,3,630.00,126.0,504.0
12123,5,6,20240518,4,1,3,4,5,3400.00,680.0,2720.0
12150,7,10,20231023,8,1,3,4,7,12950.00,2590.0,10360.0
12159,3,5,20250504,4,1,3,4,10,51000.00,10200.0,40800.0
12277,11,3,20250627,9,1,3,4,7,6650.00,1330.0,5320.0
12465,1,8,20231002,6,1,3,4,2,8400.00,1680.0,6720.0
12487,1,11,20241212,15,1,3,4,4,16800.00,3360.0,13440.0
12488,9,1,20230606,9,1,3,4,10,2800.00,560.0,2240.0
12503,7,9,20241020,1,1,3,4,4,7400.00,1480.0,5920.0
12532,10,1,20230219,14,1,3,4,3,1170.00,234.0,936.0
12865,7,6,20241015,9,1,3,4,10,18500.00,3700.0,14800.0
13159,1,8,20231030,8,1,3,4,8,33600.00,6720.0,26880.0
13228,4,1,20230819,8,1,3,4,1,320.00,64.0,256.0
13232,10,7,20230822,13,1,3,4,10,3900.00,780.0,3120.0
13277,2,8,20240827,11,1,3,4,10,25000.00,5000.0,20000.0
13349,9,8,20230422,6,1,3,4,1,280.00,56.0,224.0
13407,11,10,20241118,9,1,3,4,8,7600.00,1520.0,6080.0
13426,7,7,20250607,10,1,3,4,4,7400.00,1480.0,5920.0
13564,7,3,20231018,6,1,3,4,6,11100.00,2220.0,8880.0
13617,11,4,20240411,3,1,3,4,5,4750.00,950.0,3800.0
13693,2,6,20250721,13,1,3,4,6,15000.00,3000.0,12000.0
13724,11,6,20250723,1,1,3,4,9,8550.00,1710.0,6840.0
13783,5,5,20230928,9,1,3,4,5,3400.00,680.0,2720.0
13787,10,6,20240520,6,1,3,4,3,1170.00,234.0,936.0
13915,1,8,20251011,11,1,3,4,4,16800.00,3360.0,13440.0
14137,8,3,20240131,12,1,3,4,7,6650.00,1330.0,5320.0
14150,4,3,20230901,1,1,3,4,7,2240.00,448.0,1792.0
14254,2,9,20240925,1,1,3,4,9,22500.00,4500.0,18000.0
14313,5,11,20230527,14,1,3,4,8,5440.00,1088.0,4352.0
14343,9,11,20251024,7,1,3,4,4,1120.00,224.0,896.0
14359,10,6,20250909,7,1,3,4,1,390.00,78.0,312.0
14410,7,3,20251221,6,1,3,4,6,11100.00,2220.0,8880.0
14445,7,7,20240630,3,1,3,4,1,1850.00,370.0,1480.0
14464,5,2,20250705,12,1,3,4,9,6120.00,1224.0,4896.0
14548,6,8,20250126,6,1,3,4,10,2100.00,420.0,1680.0
14651,2,7,20240212,9,1,3,4,5,12500.00,2500.0,10000.0
14797,5,8,20250704,2,1,3,4,3,2040.00,408.0,1632.0
14949,8,8,20230413,12,1,3,4,3,2850.00,570.0,2280.0
14962,10,7,20240815,13,1,3,4,5,1950.00,390.0,1560.0
15032,6,10,20231102,13,1,3,4,1,210.00,42.0,168.0
15139,7,4,20250828,7,1,3,4,5,9250.00,1850.0,7400.0
15632,5,11,20231123,6,1,3,4,1,680.00,136.0,544.0
15829,9,8,20250109,3,1,3,4,7,1960.00,392.0,1568.0
15945,10,7,20230702,15,1,3,4,8,3120.00,624.0,2496.0
15972,11,10,20230413,11,1,3,4,10,9500.00,1900.0,7600.0
16040,4,3,20240327,3,1,3,4,7,2240.00,448.0,1792.0
16107,11,4,20251226,12,1,3,4,6,5700.00,1140.0,4560.0
16133,3,5,20251228,7,1,3,4,1,5100.00,1020.0,4080.0
16160,2,6,20251230,7,1,3,4,10,25000.00,5000.0,20000.0
16272,6,7,20240416,9,1,3,4,5,1050.00,210.0,840.0
16287,8,11,20230204,3,1,3,4,8,7600.00,1520.0,6080.0
16299,6,10,20230510,13,1,3,4,5,1050.00,210.0,840.0
16300,7,11,20240903,6,1,3,4,2,3700.00,740.0,2960.0
16332,6,11,20250208,13,1,3,4,9,1890.00,378.0,1512.0
16435,9,2,20231001,9,1,3,4,10,2800.00,560.0,2240.0
16575,9,1,20240808,5,1,3,4,3,840.00,168.0,672.0
16599,2,8,20240714,6,1,3,4,6,15000.00,3000.0,12000.0
16633,6,5,20250917,15,1,3,4,8,1680.00,336.0,1344.0
16685,6,6,20241101,12,1,3,4,7,1470.00,294.0,1176.0
16698,11,10,20240225,2,1,3,4,3,2850.00,570.0,2280.0
16716,3,3,20230605,10,1,3,4,8,40800.00,8160.0,32640.0
16958,8,6,20250222,4,1,3,4,8,7600.00,1520.0,6080.0
17128,2,1,20240823,6,1,3,4,5,12500.00,2500.0,10000.0
17258,5,2,20250331,2,1,3,4,9,6120.00,1224.0,4896.0
17893,10,1,20241026,2,1,3,4,7,2730.00,546.0,2184.0
18172,2,10,20250511,15,1,3,4,6,15000.00,3000.0,12000.0
18196,3,10,20241116,13,1,3,4,10,51000.00,10200.0,40800.0
18288,9,2,20250401,15,1,3,4,4,1120.00,224.0,896.0
18374,7,11,20250706,9,1,3,4,2,3700.00,740.0,2960.0
18471,2,5,20240701,1,1,3,4,7,17500.00,3500.0,14000.0
18481,9,1,20230104,11,1,3,4,5,1400.00,280.0,1120.0
18501,3,5,20240321,13,1,3,4,7,35700.00,7140.0,28560.0
18527,2,1,20240723,15,1,3,4,5,12500.00,2500.0,10000.0
18646,5,4,20240202,3,1,3,4,7,4760.00,952.0,3808.0
18683,8,8,20230903,9,1,3,4,1,950.00,190.0,760.0
18755,10,8,20240714,5,1,3,4,6,2340.00,468.0,1872.0
18961,3,8,20231027,12,1,3,4,7,35700.00,7140.0,28560.0
19204,1,2,20230610,13,1,3,4,8,33600.00,6720.0,26880.0
19298,1,1,20231016,11,1,3,4,10,42000.00,8400.0,33600.0
19326,8,4,20250702,14,1,3,4,2,1900.00,380.0,1520.0
19413,6,1,20250210,10,1,3,4,5,1050.00,210.0,840.0
19483,11,8,20251213,13,1,3,4,8,7600.00,1520.0,6080.0
19555,1,5,20230528,5,1,3,4,10,42000.00,8400.0,33600.0
19557,6,3,20240109,2,1,3,4,5,1050.00,210.0,840.0
19639,2,9,20241022,11,1,3,4,4,10000.00,2000.0,8000.0
19675,6,10,20250729,13,1,3,4,6,1260.00,252.0,1008.0
19945,7,9,20230526,1,1,3,4,6,11100.00,2220.0,8880.0
20016,1,11,20240317,14,1,3,4,9,37800.00,7560.0,30240.0
20057,11,9,20250830,5,1,3,4,4,3800.00,760.0,3040.0
20442,3,1,20251003,3,1,3,4,1,5100.00,1020.0,4080.0
20505,3,10,20240221,1,1,3,4,3,15300.00,3060.0,12240.0
20523,3,11,20230414,3,1,3,4,8,40800.00,8160.0,32640.0
20529,8,4,20230118,5,1,3,4,1,950.00,190.0,760.0
20546,11,5,20240201,14,1,3,4,10,9500.00,1900.0,7600.0
20627,4,9,20240504,15,1,3,4,6,1920.00,384.0,1536.0
20704,4,1,20231222,6,1,3,4,8,2560.00,512.0,2048.0
20734,3,9,20230112,6,1,3,4,6,30600.00,6120.0,24480.0
20766,1,5,20230105,15,1,3,4,5,21000.00,4200.0,16800.0
20956,9,2,20250808,1,1,3,4,8,2240.00,448.0,1792.0
21041,11,9,20240630,13,1,3,4,3,2850.00,570.0,2280.0
21190,5,7,20240301,15,1,3,4,7,4760.00,952.0,3808.0
21281,10,2,20240917,7,1,3,4,2,780.00,156.0,624.0
21298,2,9,20230309,3,1,3,4,7,17500.00,3500.0,14000.0
21381,7,4,20250218,5,1,3,4,3,5550.00,1110.0,4440.0
21603,10,5,20251015,13,1,3,4,5,1950.00,390.0,1560.0
21641,11,10,20241028,8,1,3,4,9,8550.00,1710.0,6840.0
21778,11,6,20240701,9,1,3,4,4,3800.00,760.0,3040.0
21827,10,4,20240423,10,1,3,4,9,3510.00,702.0,2808.0
21883,1,3,20241123,8,1,3,4,7,29400.00,5880.0,23520.0
22318,1,1,20240313,2,1,3,4,8,33600.00,6720.0,26880.0
22425,9,9,20240217,6,1,3,4,5,1400.00,280.0,1120.0
22480,8,7,20230811,2,1,3,4,5,4750.00,950.0,3800.0
22647,8,2,20250506,1,1,3,4,8,7600.00,1520.0,6080.0
22764,11,10,20231106,1,1,3,4,9,8550.00,1710.0,6840.0
22785,2,10,20250717,13,1,3,4,9,22500.00,4500.0,18000.0
23005,6,8,20240126,8,1,3,4,1,210.00,42.0,168.0
23045,9,8,20250117,5,1,3,4,10,2800.00,560.0,2240.0
23093,4,1,20230130,7,1,3,4,7,2240.00,448.0,1792.0
23387,11,10,20230504,14,1,3,4,10,9500.00,1900.0,7600.0
23467,5,6,20250122,9,1,3,4,1,680.00,136.0,544.0
23519,6,2,20241124,6,1,3,4,1,210.00,42.0,168.0
23525,8,7,20250412,8,1,3,4,6,5700.00,1140.0,4560.0
23539,5,5,20230705,6,1,3,4,5,3400.00,680.0,2720.0
23559,3,11,20240407,10,1,3,4,6,30600.00,6120.0,24480.0
23628,8,9,20250227,6,1,3,4,4,3800.00,760.0,3040.0
23697,11,4,20230725,1,1,3,4,2,1900.00,380.0,1520.0
23707,2,4,20231222,15,1,3,4,8,20000.00,4000.0,16000.0
23717,11,11,20240726,10,1,3,4,6,5700.00,1140.0,4560.0
23739,5,1,20240302,14,1,3,4,7,4760.00,952.0,3808.0
23860,6,6,20251027,13,1,3,4,9,1890.00,378.0,1512.0
23888,2,4,20240526,5,1,3,4,9,22500.00,4500.0,18000.0
23971,2,3,20230601,5,1,3,4,2,5000.00,1000.0,4000.0
23975,5,4,20240320,1,1,3,4,8,5440.00,1088.0,4352.0
23976,11,3,20240811,10,1,3,4,2,1900.00,380.0,1520.0
24003,3,5,20250718,5,1,3,4,7,35700.00,7140.0,28560.0
24133,7,6,20250604,4,1,3,4,9,16650.00,3330.0,13320.0
24296,4,8,20240826,10,1,3,4,8,2560.00,512.0,2048.0
24395,10,9,20241016,8,1,3,4,10,3900.00,780.0,3120.0
24596,8,8,20230831,3,1,3,4,4,3800.00,760.0,3040.0
24732,4,7,20240130,11,1,3,4,8,2560.00,512.0,2048.0
25013,2,2,20241006,7,1,3,4,3,7500.00,1500.0,6000.0
25044,10,2,20250605,8,1,3,4,9,3510.00,702.0,2808.0
25108,7,6,20251218,8,1,3,4,6,11100.00,2220.0,8880.0
25147,4,6,20231203,1,1,3,4,6,1920.00,384.0,1536.0
25264,6,2,20230113,8,1,3,4,7,1470.00,294.0,1176.0
25476,11,4,20240923,4,1,3,4,10,9500.00,1900.0,7600.0
25703,1,3,20230425,6,1,3,4,4,16800.00,3360.0,13440.0
25747,10,3,20250518,7,1,3,4,7,2730.00,546.0,2184.0
25797,9,11,20240519,11,1,3,4,5,1400.00,280.0,1120.0
25898,5,9,20230210,5,1,3,4,4,2720.00,544.0,2176.0
26022,4,1,20241104,12,1,3,4,7,2240.00,448.0,1792.0
26215,5,10,20251108,10,1,3,4,1,680.00,136.0,544.0
26306,7,3,20250811,10,1,3,4,9,16650.00,3330.0,13320.0
26314,4,1,20250215,3,1,3,4,4,1280.00,256.0,1024.0
26318,10,2,20230112,3,1,3,4,9,3510.00,702.0,2808.0
26375,1,2,20250312,13,1,3,4,3,12600.00,2520.0,10080.0
26428,9,7,20231006,8,1,3,4,5,1400.00,280.0,1120.0
26662,5,5,20231202,12,1,3,4,2,1360.00,272.0,1088.0
26667,2,9,20241226,15,1,3,4,8,20000.00,4000.0,16000.0
26678,5,6,20250716,1,1,3,4,3,2040.00,408.0,1632.0
26731,9,9,20250127,11,1,3,4,3,840.00,168.0,672.0
26766,1,7,20230827,13,1,3,4,4,16800.00,3360.0,13440.0
26828,11,2,20241213,6,1,3,4,2,1900.00,380.0,1520.0
26930,6,5,20240805,15,1,3,4,8,1680.00,336.0,1344.0
27183,4,4,20231229,2,1,3,4,3,960.00,192.0,768.0
27474,8,9,20230302,6,1,3,4,9,8550.00,1710.0,6840.0
27554,7,10,20250813,14,1,3,4,6,11100.00,2220.0,8880.0
27774,9,1,20240711,5,1,3,4,5,1400.00,280.0,1120.0
27851,1,11,20241209,11,1,3,4,9,37800.00,7560.0,30240.0
27897,11,5,20251101,4,1,3,4,5,4750.00,950.0,3800.0
27965,7,3,20230317,4,1,3,4,9,16650.00,3330.0,13320.0
28341,10,5,20241128,7,1,3,4,7,2730.00,546.0,2184.0
28415,11,5,20240502,1,1,3,4,7,6650.00,1330.0,5320.0
28427,6,6,20230324,10,1,3,4,6,1260.00,252.0,1008.0
28465,2,10,20250426,4,1,3,4,7,17500.00,3500.0,14000.0
28569,2,1,20250409,11,1,3,4,6,15000.00,3000.0,12000.0
28841,1,2,20240327,12,1,3,4,2,8400.00,1680.0,6720.0
28855,9,11,20250403,2,1,3,4,7,1960.00,392.0,1568.0
28883,4,11,20250826,4,1,3,4,2,640.00,128.0,512.0
28967,7,1,20231201,3,1,3,4,1,1850.00,370.0,1480.0
29072,3,4,20250212,10,1,3,4,2,10200.00,2040.0,8160.0
29080,7,6,20240604,13,1,3,4,6,11100.00,2220.0,8880.0
29185,6,5,20230101,1,1,3,4,8,1680.00,336.0,1344.0
29339,8,5,20230927,8,1,3,4,3,2850.00,570.0,2280.0
29381,7,5,20231205,13,1,3,4,3,5550.00,1110.0,4440.0
29550,5,4,20231006,2,1,3,4,7,4760.00,952.0,3808.0
29653,1,3,20240705,10,1,3,4,1,4200.00,840.0,3360.0
29660,1,2,20231028,2,1,3,4,1,4200.00,840.0,3360.0
29989,6,1,20231014,5,1,3,4,8,1680.00,336.0,1344.0
30215,5,9,20240315,12,1,3,4,1,680.00,136.0,544.0
30267,11,11,20240609,8,1,3,4,10,9500.00,1900.0,7600.0
30449,9,6,20250104,7,1,3,4,1,280.00,56.0,224.0
30503,3,11,20250627,13,1,3,4,4,20400.00,4080.0,16320.0
30615,2,10,20230326,3,1,3,4,7,17500.00,3500.0,14000.0
30783,1,9,20230414,12,1,3,4,2,8400.00,1680.0,6720.0
30991,9,7,20251124,2,1,3,4,3,840.00,168.0,672.0
30997,1,11,20231229,5,1,3,4,9,37800.00,7560.0,30240.0
31013,11,11,20250124,12,1,3,4,4,3800.00,760.0,3040.0
31072,4,6,20230521,6,1,3,4,10,3200.00,640.0,2560.0
31149,10,9,20250326,8,1,3,4,2,780.00,156.0,624.0
31332,7,11,20230906,9,1,3,4,3,5550.00,1110.0,4440.0
31504,2,4,20230927,13,1,3,4,4,10000.00,2000.0,8000.0
31666,10,1,20240101,1,1,3,4,2,780.00,156.0,624.0
31741,1,2,20240223,6,1,3,4,8,33600.00,6720.0,26880.0
32107,1,8,20240930,11,1,3,4,5,21000.00,4200.0,16800.0
32200,6,8,20230326,9,1,3,4,5,1050.00,210.0,840.0
32360,4,8,20230301,6,1,3,4,5,1600.00,320.0,1280.0
32533,9,9,20240725,8,1,3,4,5,1400.00,280.0,1120.0
32548,9,9,20230203,5,1,3,4,2,560.00,112.0,448.0
32591,6,9,20231107,14,1,3,4,9,1890.00,378.0,1512.0
32688,7,8,20250920,2,1,3,4,2,3700.00,740.0,2960.0
32716,11,4,20230527,11,1,3,4,2,1900.00,380.0,1520.0
32786,1,9,20241118,10,1,3,4,6,25200.00,5040.0,20160.0
32801,10,4,20230910,5,1,3,4,2,780.00,156.0,624.0
32966,11,8,20231211,4,1,3,4,8,7600.00,1520.0,6080.0
32997,4,8,20230706,14,1,3,4,8,2560.00,512.0,2048.0
33067,6,2,20231011,3,1,3,4,2,420.00,84.0,336.0
33082,3,5,20240827,8,1,3,4,4,20400.00,4080.0,16320.0
33164,8,5,20230520,9,1,3,4,8,7600.00,1520.0,6080.0
33175,9,3,20240729,3,1,3,4,1,280.00,56.0,224.0
33434,8,3,20240108,1,1,3,4,1,950.00,190.0,760.0
33439,6,2,20250511,5,1,3,4,9,1890.00,378.0,1512.0
33456,8,3,20230101,14,1,3,4,5,4750.00,950.0,3800.0
33563,7,7,20240223,7,1,3,4,7,12950.00,2590.0,10360.0
33764,9,7,20240118,15,1,3,4,3,840.00,168.0,672.0
33781,9,8,20250722,10,1,3,4,6,1680.00,336.0,1344.0
34072,6,1,20241107,5,1,3,4,2,420.00,84.0,336.0
34080,7,1,20230128,11,1,3,4,1,1850.00,370.0,1480.0
34165,7,1,20251225,9,1,3,4,2,3700.00,740.0,2960.0
34394,10,2,20251108,3,1,3,4,5,1950.00,390.0,1560.0
34430,2,10,20250507,2,1,3,4,4,10000.00,2000.0,8000.0
34658,5,7,20250411,9,1,3,4,7,4760.00,952.0,3808.0
34721,2,7,20240618,4,1,3,4,8,20000.00,4000.0,16000.0
34831,9,11,20250804,9,1,3,4,1,280.00,56.0,224.0
34840,3,3,20250903,14,1,3,4,10,51000.00,10200.0,40800.0
203,7,6,20230713,11,1,3,1,6,11100.00,2220.0,8880.0
227,6,5,20240508,12,1,3,1,6,1260.00,252.0,1008.0
473,8,2,20240618,13,1,3,1,6,5700.00,1140.0,4560.0
503,3,5,20230412,12,1,3,1,7,35700.00,7140.0,28560.0
598,9,8,20230721,11,1,3,1,5,1400.00,280.0,1120.0
692,6,8,20230425,12,1,3,1,3,630.00,126.0,504.0
759,10,4,20231002,4,1,3,1,8,3120.00,624.0,2496.0
779,1,3,20230308,3,1,3,1,3,12600.00,2520.0,10080.0
800,9,5,20230709,3,1,3,1,4,1120.00,224.0,896.0
860,5,3,20250306,13,1,3,1,7,4760.00,952.0,3808.0
873,9,8,20230329,1,1,3,1,6,1680.00,336.0,1344.0
957,2,5,20230911,1,1,3,1,2,5000.00,1000.0,4000.0
985,10,2,20231214,15,1,3,1,6,2340.00,468.0,1872.0
1135,3,9,20230909,10,1,3,1,7,35700.00,7140.0,28560.0
1173,1,6,20230824,1,1,3,1,9,37800.00,7560.0,30240.0
1215,4,8,20251030,7,1,3,1,2,640.00,128.0,512.0
1405,6,8,20230503,13,1,3,1,3,630.00,126.0,504.0
1415,10,8,20230118,1,1,3,1,5,1950.00,390.0,1560.0
1491,1,9,20250820,15,1,3,1,2,8400.00,1680.0,6720.0
1497,5,1,20241105,2,1,3,1,5,3400.00,680.0,2720.0
1532,5,8,20230325,5,1,3,1,8,5440.00,1088.0,4352.0
1579,10,10,20230615,12,1,3,1,7,2730.00,546.0,2184.0
1644,5,8,20230725,11,1,3,1,7,4760.00,952.0,3808.0
1807,8,2,20250906,9,1,3,1,4,3800.00,760.0,3040.0
1931,1,10,20230104,1,1,3,1,3,12600.00,2520.0,10080.0
2038,11,4,20251208,15,1,3,1,4,3800.00,760.0,3040.0
2132,3,5,20250316,10,1,3,1,7,35700.00,7140.0,28560.0
2156,2,10,20240606,12,1,3,1,9,22500.00,4500.0,18000.0
2194,10,8,20250411,15,1,3,1,7,2730.00,546.0,2184.0
2442,3,11,20241225,13,1,3,1,1,5100.00,1020.0,4080.0
2516,10,1,20230622,14,1,3,1,8,3120.00,624.0,2496.0
2539,3,11,20230621,11,1,3,1,9,45900.00,9180.0,36720.0
2569,8,9,20240708,3,1,3,1,8,7600.00,1520.0,6080.0
2853,11,3,20250427,5,1,3,1,8,7600.00,1520.0,6080.0
3357,7,4,20251223,7,1,3,1,3,5550.00,1110.0,4440.0
3429,3,5,20250222,11,1,3,1,7,35700.00,7140.0,28560.0
3454,11,11,20230704,15,1,3,1,9,8550.00,1710.0,6840.0
3632,5,9,20230916,1,1,3,1,8,5440.00,1088.0,4352.0
3731,11,10,20230331,2,1,3,1,2,1900.00,380.0,1520.0
3766,9,6,20240818,12,1,3,1,2,560.00,112.0,448.0
3837,8,3,20240515,2,1,3,1,4,3800.00,760.0,3040.0
4009,10,6,20251031,1,1,3,1,9,3510.00,702.0,2808.0
4040,11,1,20240207,2,1,3,1,4,3800.00,760.0,3040.0
4198,1,10,20241111,13,1,3,1,2,8400.00,1680.0,6720.0
4282,2,9,20230625,11,1,3,1,6,15000.00,3000.0,12000.0
4320,6,3,20231222,10,1,3,1,10,2100.00,420.0,1680.0
4565,9,8,20240504,5,1,3,1,2,560.00,112.0,448.0
4746,2,8,20231104,3,1,3,1,6,15000.00,3000.0,12000.0
4751,2,5,20250921,15,1,3,1,9,22500.00,4500.0,18000.0
5032,9,2,20240319,5,1,3,1,2,560.00,112.0,448.0
5079,9,3,20230628,5,1,3,1,9,2520.00,504.0,2016.0
5085,7,1,20230907,2,1,3,1,4,7400.00,1480.0,5920.0
5105,8,3,20240927,11,1,3,1,10,9500.00,1900.0,7600.0
5107,6,11,20240928,8,1,3,1,1,210.00,42.0,168.0
5157,7,5,20250308,12,1,3,1,5,9250.00,1850.0,7400.0
5254,6,4,20230420,11,1,3,1,4,840.00,168.0,672.0
5410,10,5,20240415,12,1,3,1,5,1950.00,390.0,1560.0
5468,11,9,20250312,6,1,3,1,7,6650.00,1330.0,5320.0
5559,5,7,20251225,8,1,3,1,7,4760.00,952.0,3808.0
5601,1,3,20250607,4,1,3,1,7,29400.00,5880.0,23520.0
5701,4,4,20230819,5,1,3,1,9,2880.00,576.0,2304.0
5844,1,8,20230404,12,1,3,1,4,16800.00,3360.0,13440.0
5855,11,3,20241103,6,1,3,1,3,2850.00,570.0,2280.0
6077,8,8,20250711,8,1,3,1,6,5700.00,1140.0,4560.0
6167,6,10,20250616,6,1,3,1,7,1470.00,294.0,1176.0
6200,6,7,20241016,9,1,3,1,9,1890.00,378.0,1512.0
6417,1,6,20240329,11,1,3,1,4,16800.00,3360.0,13440.0
6484,6,7,20230319,1,1,3,1,9,1890.00,378.0,1512.0
6559,9,7,20240505,4,1,3,1,9,2520.00,504.0,2016.0
6743,5,5,20250131,8,1,3,1,5,3400.00,680.0,2720.0
6878,11,1,20230420,11,1,3,1,10,9500.00,1900.0,7600.0
6882,7,2,20230328,7,1,3,1,3,5550.00,1110.0,4440.0
7017,1,10,20230428,6,1,3,1,6,25200.00,5040.0,20160.0
7095,8,7,20231022,12,1,3,1,7,6650.00,1330.0,5320.0
7108,9,5,20250506,7,1,3,1,3,840.00,168.0,672.0
7265,10,8,20241104,11,1,3,1,3,1170.00,234.0,936.0
7512,8,5,20230514,14,1,3,1,4,3800.00,760.0,3040.0
7694,3,8,20240511,5,1,3,1,5,25500.00,5100.0,20400.0
7745,11,5,20230801,1,1,3,1,5,4750.00,950.0,3800.0
7778,4,11,20241210,5,1,3,1,1,320.00,64.0,256.0
7807,11,4,20230826,10,1,3,1,10,9500.00,1900.0,7600.0
7829,11,8,20240607,12,1,3,1,1,950.00,190.0,760.0
7836,5,6,20250115,1,1,3,1,10,6800.00,1360.0,5440.0
7983,9,11,20250319,10,1,3,1,3,840.00,168.0,672.0
8068,10,3,20230714,11,1,3,1,10,3900.00,780.0,3120.0
8122,3,4,20241018,5,1,3,1,6,30600.00,6120.0,24480.0
8220,6,1,20240626,7,1,3,1,2,420.00,84.0,336.0
8253,9,5,20251019,11,1,3,1,5,1400.00,280.0,1120.0
8669,5,11,20250806,9,1,3,1,6,4080.00,816.0,3264.0
8782,5,11,20231220,13,1,3,1,7,4760.00,952.0,3808.0
8895,11,8,20240404,11,1,3,1,2,1900.00,380.0,1520.0
8940,7,9,20240811,12,1,3,1,7,12950.00,2590.0,10360.0
8963,7,10,20240927,6,1,3,1,9,16650.00,3330.0,13320.0
8992,5,1,20250531,11,1,3,1,8,5440.00,1088.0,4352.0
9097,5,8,20250322,7,1,3,1,10,6800.00,1360.0,5440.0
9182,9,8,20240226,10,1,3,1,8,2240.00,448.0,1792.0
9278,6,9,20240715,6,1,3,1,5,1050.00,210.0,840.0
9357,1,7,20231208,2,1,3,1,3,12600.00,2520.0,10080.0
9511,4,7,20251124,4,1,3,1,3,960.00,192.0,768.0
9515,11,1,20240707,13,1,3,1,4,3800.00,760.0,3040.0
9696,1,8,20230224,11,1,3,1,10,42000.00,8400.0,33600.0
9743,8,11,20230709,7,1,3,1,3,2850.00,570.0,2280.0
9890,10,2,20231002,8,1,3,1,2,780.00,156.0,624.0
9925,2,3,20230304,13,1,3,1,1,2500.00,500.0,2000.0
10030,8,11,20240930,15,1,3,1,1,950.00,190.0,760.0
10086,2,8,20240625,3,1,3,1,9,22500.00,4500.0,18000.0
10305,8,1,20231221,15,1,3,1,1,950.00,190.0,760.0
10341,4,11,20241011,14,1,3,1,4,1280.00,256.0,1024.0
10483,6,9,20241102,13,1,3,1,7,1470.00,294.0,1176.0
10646,3,4,20231213,11,1,3,1,5,25500.00,5100.0,20400.0
10674,8,8,20231111,7,1,3,1,7,6650.00,1330.0,5320.0
10709,6,10,20240510,15,1,3,1,2,420.00,84.0,336.0
11065,10,10,20230130,7,1,3,1,7,2730.00,546.0,2184.0
11121,7,2,20250601,14,1,3,1,8,14800.00,2960.0,11840.0
11305,9,6,20240516,6,1,3,1,1,280.00,56.0,224.0
11375,7,7,20240622,6,1,3,1,8,14800.00,2960.0,11840.0
11440,4,5,20250623,3,1,3,1,5,1600.00,320.0,1280.0
11581,7,10,20250203,3,1,3,1,8,14800.00,2960.0,11840.0
11635,3,7,20250802,13,1,3,1,9,45900.00,9180.0,36720.0
11660,9,2,20251012,7,1,3,1,4,1120.00,224.0,896.0
11754,5,5,20231016,10,1,3,1,3,2040.00,408.0,1632.0
11768,6,8,20250820,7,1,3,1,6,1260.00,252.0,1008.0
11930,4,3,20230321,12,1,3,1,1,320.00,64.0,256.0
12054,3,10,20231022,5,1,3,1,2,10200.00,2040.0,8160.0
12078,8,11,20231210,14,1,3,1,3,2850.00,570.0,2280.0
12166,10,5,20251201,10,1,3,1,6,2340.00,468.0,1872.0
12198,11,6,20251205,2,1,3,1,7,6650.00,1330.0,5320.0
12328,3,10,20240309,14,1,3,1,7,35700.00,7140.0,28560.0
12437,3,2,20251129,8,1,3,1,2,10200.00,2040.0,8160.0
12502,3,10,20231103,13,1,3,1,3,15300.00,3060.0,12240.0
12541,9,8,20250419,10,1,3,1,9,2520.00,504.0,2016.0
12733,6,11,20231122,6,1,3,1,6,1260.00,252.0,1008.0
12889,11,6,20240117,9,1,3,1,1,950.00,190.0,760.0
12983,10,2,20230405,12,1,3,1,2,780.00,156.0,624.0
12985,6,9,20240220,5,1,3,1,10,2100.00,420.0,1680.0
13088,8,8,20240417,2,1,3,1,2,1900.00,380.0,1520.0
13213,6,10,20250925,4,1,3,1,7,1470.00,294.0,1176.0
13218,4,8,20250118,1,1,3,1,6,1920.00,384.0,1536.0
13475,7,8,20240912,5,1,3,1,2,3700.00,740.0,2960.0
13715,3,11,20230125,15,1,3,1,2,10200.00,2040.0,8160.0
13735,11,7,20240913,7,1,3,1,2,1900.00,380.0,1520.0
13748,3,1,20250504,9,1,3,1,10,51000.00,10200.0,40800.0
13846,11,4,20231117,9,1,3,1,6,5700.00,1140.0,4560.0
13913,9,2,20231007,9,1,3,1,8,2240.00,448.0,1792.0
13986,5,9,20240622,11,1,3,1,6,4080.00,816.0,3264.0
14039,1,6,20240630,7,1,3,1,1,4200.00,840.0,3360.0
14081,11,6,20240222,2,1,3,1,2,1900.00,380.0,1520.0
14082,2,5,20250119,6,1,3,1,2,5000.00,1000.0,4000.0
14103,6,8,20250110,11,1,3,1,10,2100.00,420.0,1680.0
14171,11,4,20241116,15,1,3,1,1,950.00,190.0,760.0
14267,1,2,20230313,4,1,3,1,9,37800.00,7560.0,30240.0
14342,9,3,20230821,8,1,3,1,5,1400.00,280.0,1120.0
14355,8,7,20230823,8,1,3,1,6,5700.00,1140.0,4560.0
14428,6,8,20240604,6,1,3,1,5,1050.00,210.0,840.0
14605,3,1,20230401,1,1,3,1,9,45900.00,9180.0,36720.0
14923,4,6,20230306,3,1,3,1,9,2880.00,576.0,2304.0
15280,1,9,20250114,9,1,3,1,5,21000.00,4200.0,16800.0
15665,6,5,20250118,1,1,3,1,4,840.00,168.0,672.0
15744,4,6,20231128,9,1,3,1,10,3200.00,640.0,2560.0
15881,8,4,20230829,10,1,3,1,4,3800.00,760.0,3040.0
15967,5,3,20250819,7,1,3,1,6,4080.00,816.0,3264.0
16018,1,8,20251231,3,1,3,1,6,25200.00,5040.0,20160.0
16271,2,10,20240915,7,1,3,1,1,2500.00,500.0,2000.0
16345,7,2,20240221,8,1,3,1,4,7400.00,1480.0,5920.0
16352,6,10,20250819,5,1,3,1,6,1260.00,252.0,1008.0
16438,9,8,20250107,2,1,3,1,3,840.00,168.0,672.0
16524,2,4,20231026,9,1,3,1,7,17500.00,3500.0,14000.0
16548,5,9,20230221,1,1,3,1,9,6120.00,1224.0,4896.0
16614,1,6,20231103,7,1,3,1,9,37800.00,7560.0,30240.0
16715,3,10,20250709,15,1,3,1,4,20400.00,4080.0,16320.0
16728,1,7,20231013,11,1,3,1,9,37800.00,7560.0,30240.0
16796,9,2,20230827,4,1,3,1,6,1680.00,336.0,1344.0
16806,1,4,20240329,15,1,3,1,1,4200.00,840.0,3360.0
16862,4,4,20251001,5,1,3,1,7,2240.00,448.0,1792.0
17104,2,10,20240316,7,1,3,1,4,10000.00,2000.0,8000.0
17119,4,6,20230614,8,1,3,1,9,2880.00,576.0,2304.0
17153,10,6,20230725,6,1,3,1,10,3900.00,780.0,3120.0
17226,6,4,20251224,3,1,3,1,8,1680.00,336.0,1344.0
17264,9,8,20230516,14,1,3,1,7,1960.00,392.0,1568.0
17445,2,10,20240619,7,1,3,1,9,22500.00,4500.0,18000.0
17449,2,1,20230308,15,1,3,1,5,12500.00,2500.0,10000.0
17461,10,2,20240116,6,1,3,1,5,1950.00,390.0,1560.0
17708,5,3,20250511,1,1,3,1,9,6120.00,1224.0,4896.0
17719,1,4,20240709,4,1,3,1,10,42000.00,8400.0,33600.0
17892,3,4,20230930,4,1,3,1,9,45900.00,9180.0,36720.0
17928,1,2,20230131,11,1,3,1,9,37800.00,7560.0,30240.0
18075,6,8,20230902,9,1,3,1,3,630.00,126.0,504.0
18301,8,10,20230310,7,1,3,1,3,2850.00,570.0,2280.0
18355,11,11,20240312,12,1,3,1,3,2850.00,570.0,2280.0
18451,11,11,20230317,9,1,3,1,10,9500.00,1900.0,7600.0
18458,9,7,20230801,15,1,3,1,1,280.00,56.0,224.0
18716,3,3,20230526,5,1,3,1,4,20400.00,4080.0,16320.0
18740,9,1,20250416,13,1,3,1,9,2520.00,504.0,2016.0
18773,8,1,20250822,5,1,3,1,8,7600.00,1520.0,6080.0
18935,3,1,20251008,9,1,3,1,6,30600.00,6120.0,24480.0
19025,4,7,20240420,8,1,3,1,9,2880.00,576.0,2304.0
19105,8,11,20231018,7,1,3,1,7,6650.00,1330.0,5320.0
19306,2,10,20230726,13,1,3,1,3,7500.00,1500.0,6000.0
19393,4,6,20240929,10,1,3,1,5,1600.00,320.0,1280.0
19399,7,9,20240702,1,1,3,1,1,1850.00,370.0,1480.0
19471,10,3,20240404,7,1,3,1,2,780.00,156.0,624.0
19836,11,7,20250120,14,1,3,1,10,9500.00,1900.0,7600.0
19858,7,10,20241121,4,1,3,1,5,9250.00,1850.0,7400.0
19864,1,5,20250505,13,1,3,1,1,4200.00,840.0,3360.0
19898,3,10,20241207,8,1,3,1,5,25500.00,5100.0,20400.0
19908,1,9,20241110,6,1,3,1,10,42000.00,8400.0,33600.0
20036,8,1,20250117,14,1,3,1,1,950.00,190.0,760.0
20050,1,7,20230421,15,1,3,1,6,25200.00,5040.0,20160.0
20100,4,8,20240913,13,1,3,1,9,2880.00,576.0,2304.0
20101,3,7,20230722,8,1,3,1,5,25500.00,5100.0,20400.0
20201,11,8,20230709,14,1,3,1,10,9500.00,1900.0,7600.0
20436,4,9,20230919,9,1,3,1,9,2880.00,576.0,2304.0
20439,4,4,20240607,7,1,3,1,8,2560.00,512.0,2048.0
20506,9,1,20230716,1,1,3,1,6,1680.00,336.0,1344.0
20522,9,2,20240830,11,1,3,1,8,2240.00,448.0,1792.0
20547,6,10,20250811,10,1,3,1,2,420.00,84.0,336.0
20644,5,10,20251219,13,1,3,1,3,2040.00,408.0,1632.0
20731,2,11,20240907,1,1,3,1,5,12500.00,2500.0,10000.0
20754,9,8,20240919,11,1,3,1,10,2800.00,560.0,2240.0
20769,6,2,20230713,5,1,3,1,7,1470.00,294.0,1176.0
21030,1,11,20241220,12,1,3,1,7,29400.00,5880.0,23520.0
21061,1,8,20231222,11,1,3,1,1,4200.00,840.0,3360.0
21211,9,7,20250216,7,1,3,1,1,280.00,56.0,224.0
21279,2,10,20241101,1,1,3,1,4,10000.00,2000.0,8000.0
21388,7,8,20250705,6,1,3,1,5,9250.00,1850.0,7400.0
21441,10,8,20240624,10,1,3,1,5,1950.00,390.0,1560.0
21522,3,4,20240321,8,1,3,1,1,5100.00,1020.0,4080.0
21578,5,5,20250323,6,1,3,1,9,6120.00,1224.0,4896.0
21613,9,2,20250617,4,1,3,1,1,280.00,56.0,224.0
21627,6,7,20240125,13,1,3,1,2,420.00,84.0,336.0
21729,9,7,20241001,7,1,3,1,2,560.00,112.0,448.0
21744,9,3,20250215,6,1,3,1,4,1120.00,224.0,896.0
21784,10,11,20251114,5,1,3,1,7,2730.00,546.0,2184.0
21919,7,1,20240905,9,1,3,1,1,1850.00,370.0,1480.0
22124,7,11,20240609,2,1,3,1,9,16650.00,3330.0,13320.0
22135,3,4,20230911,13,1,3,1,2,10200.00,2040.0,8160.0
22168,8,1,20240916,9,1,3,1,7,6650.00,1330.0,5320.0
22213,10,10,20251207,7,1,3,1,5,1950.00,390.0,1560.0
22219,10,10,20251121,6,1,3,1,8,3120.00,624.0,2496.0
22220,9,9,20251205,7,1,3,1,1,280.00,56.0,224.0
22270,1,8,20241231,15,1,3,1,3,12600.00,2520.0,10080.0
22298,6,1,20240516,8,1,3,1,5,1050.00,210.0,840.0
22314,6,2,20241010,10,1,3,1,5,1050.00,210.0,840.0
22362,11,4,20250209,5,1,3,1,7,6650.00,1330.0,5320.0
22374,7,9,20240113,3,1,3,1,6,11100.00,2220.0,8880.0
22536,4,8,20230423,10,1,3,1,8,2560.00,512.0,2048.0
22554,9,7,20241017,12,1,3,1,2,560.00,112.0,448.0
22634,3,7,20230815,11,1,3,1,3,15300.00,3060.0,12240.0
22882,6,10,20240525,2,1,3,1,4,840.00,168.0,672.0
22888,9,3,20230817,14,1,3,1,4,1120.00,224.0,896.0
22918,8,11,20240517,11,1,3,1,9,8550.00,1710.0,6840.0
23054,8,2,20230909,2,1,3,1,6,5700.00,1140.0,4560.0
23080,1,8,20241017,10,1,3,1,9,37800.00,7560.0,30240.0
23129,1,1,20251106,10,1,3,1,7,29400.00,5880.0,23520.0
23166,3,2,20241210,14,1,3,1,8,40800.00,8160.0,32640.0
23533,9,2,20240113,9,1,3,1,2,560.00,112.0,448.0
23583,2,11,20230307,1,1,3,1,6,15000.00,3000.0,12000.0
23588,7,10,20240102,15,1,3,1,2,3700.00,740.0,2960.0
23591,11,10,20231011,14,1,3,1,3,2850.00,570.0,2280.0
23604,11,2,20230415,3,1,3,1,1,950.00,190.0,760.0
23722,1,7,20230721,10,1,3,1,9,37800.00,7560.0,30240.0
23849,8,2,20240427,6,1,3,1,5,4750.00,950.0,3800.0
24068,9,9,20240310,11,1,3,1,2,560.00,112.0,448.0
24117,9,10,20240912,6,1,3,1,1,280.00,56.0,224.0
24293,4,1,20240914,5,1,3,1,10,3200.00,640.0,2560.0
24324,4,3,20250328,14,1,3,1,6,1920.00,384.0,1536.0
24380,10,9,20250104,14,1,3,1,9,3510.00,702.0,2808.0
24383,10,11,20250726,13,1,3,1,9,3510.00,702.0,2808.0
24391,5,1,20250510,4,1,3,1,5,3400.00,680.0,2720.0
24849,6,5,20240305,3,1,3,1,2,420.00,84.0,336.0
24865,4,4,20241002,3,1,3,1,3,960.00,192.0,768.0
24867,10,3,20230505,4,1,3,1,9,3510.00,702.0,2808.0
24936,2,11,20240731,7,1,3,1,9,22500.00,4500.0,18000.0
24963,11,1,20230714,13,1,3,1,2,1900.00,380.0,1520.0
25136,10,3,20240731,5,1,3,1,5,1950.00,390.0,1560.0
25185,3,4,20251127,8,1,3,1,6,30600.00,6120.0,24480.0
25267,11,2,20240429,9,1,3,1,3,2850.00,570.0,2280.0
25303,3,10,20230823,1,1,3,1,10,51000.00,10200.0,40800.0
25430,5,7,20230911,9,1,3,1,9,6120.00,1224.0,4896.0
25503,4,11,20250618,1,1,3,1,3,960.00,192.0,768.0
25630,8,2,20230527,4,1,3,1,7,6650.00,1330.0,5320.0
25695,10,4,20231030,5,1,3,1,8,3120.00,624.0,2496.0
25717,11,7,20231005,14,1,3,1,3,2850.00,570.0,2280.0
25760,2,1,20230510,13,1,3,1,3,7500.00,1500.0,6000.0
25828,6,11,20230123,12,1,3,1,7,1470.00,294.0,1176.0
25920,11,9,20230725,8,1,3,1,9,8550.00,1710.0,6840.0
25941,6,5,20240120,11,1,3,1,10,2100.00,420.0,1680.0
26034,8,2,20240428,9,1,3,1,10,9500.00,1900.0,7600.0
26100,4,6,20230715,2,1,3,1,8,2560.00,512.0,2048.0
26145,3,7,20251012,3,1,3,1,9,45900.00,9180.0,36720.0
26161,1,10,20240711,14,1,3,1,6,25200.00,5040.0,20160.0
26288,3,6,20250112,6,1,3,1,2,10200.00,2040.0,8160.0
26367,3,7,20250430,2,1,3,1,3,15300.00,3060.0,12240.0
26372,6,9,20230323,3,1,3,1,5,1050.00,210.0,840.0
26482,9,8,20240725,7,1,3,1,7,1960.00,392.0,1568.0
26775,2,8,20230919,6,1,3,1,2,5000.00,1000.0,4000.0
26854,5,3,20250129,15,1,3,1,7,4760.00,952.0,3808.0
26909,4,1,20251012,2,1,3,1,2,640.00,128.0,512.0
27063,6,11,20241115,2,1,3,1,5,1050.00,210.0,840.0
27086,7,9,20241126,11,1,3,1,2,3700.00,740.0,2960.0
27259,7,1,20230911,4,1,3,1,4,7400.00,1480.0,5920.0
27352,2,7,20230412,15,1,3,1,1,2500.00,500.0,2000.0
27467,6,9,20230318,11,1,3,1,2,420.00,84.0,336.0
27629,10,8,20240417,1,1,3,1,1,390.00,78.0,312.0
27660,5,7,20240313,4,1,3,1,9,6120.00,1224.0,4896.0
27674,6,1,20251114,2,1,3,1,1,210.00,42.0,168.0
27775,7,2,20250215,15,1,3,1,9,16650.00,3330.0,13320.0
27852,2,8,20241016,3,1,3,1,8,20000.00,4000.0,16000.0
27872,7,6,20251105,9,1,3,1,10,18500.00,3700.0,14800.0
27879,10,3,20230418,2,1,3,1,9,3510.00,702.0,2808.0
27985,5,7,20241127,15,1,3,1,7,4760.00,952.0,3808.0
28008,5,4,20240503,3,1,3,1,7,4760.00,952.0,3808.0
28025,11,2,20251026,11,1,3,1,10,9500.00,1900.0,7600.0
28039,3,7,20240126,1,1,3,1,3,15300.00,3060.0,12240.0
28133,4,3,20230109,15,1,3,1,2,640.00,128.0,512.0
28162,7,2,20241203,8,1,3,1,5,9250.00,1850.0,7400.0
28186,7,4,20230321,10,1,3,1,3,5550.00,1110.0,4440.0
28203,1,11,20251008,11,1,3,1,3,12600.00,2520.0,10080.0
28226,6,10,20230218,11,1,3,1,4,840.00,168.0,672.0
28262,2,5,20250414,5,1,3,1,2,5000.00,1000.0,4000.0
28410,5,7,20230123,8,1,3,1,3,2040.00,408.0,1632.0
28510,6,3,20240430,2,1,3,1,5,1050.00,210.0,840.0
28534,10,9,20230804,11,1,3,1,7,2730.00,546.0,2184.0
28536,5,7,20230413,3,1,3,1,3,2040.00,408.0,1632.0
28554,2,5,20230529,5,1,3,1,6,15000.00,3000.0,12000.0
28606,8,4,20241123,13,1,3,1,9,8550.00,1710.0,6840.0
28731,11,7,20250408,13,1,3,1,6,5700.00,1140.0,4560.0
28953,8,5,20240509,6,1,3,1,7,6650.00,1330.0,5320.0
29221,6,3,20230215,9,1,3,1,2,420.00,84.0,336.0
29233,1,9,20240611,12,1,3,1,9,37800.00,7560.0,30240.0
29288,8,3,20251030,6,1,3,1,6,5700.00,1140.0,4560.0
29320,9,3,20250823,10,1,3,1,5,1400.00,280.0,1120.0
29325,11,7,20241010,2,1,3,1,6,5700.00,1140.0,4560.0
29397,4,3,20250404,4,1,3,1,9,2880.00,576.0,2304.0
29457,2,5,20240621,1,1,3,1,5,12500.00,2500.0,10000.0
29518,7,9,20231125,14,1,3,1,2,3700.00,740.0,2960.0
29543,8,5,20240430,14,1,3,1,7,6650.00,1330.0,5320.0
29578,7,3,20240712,8,1,3,1,1,1850.00,370.0,1480.0
29607,3,2,20240412,11,1,3,1,2,10200.00,2040.0,8160.0
29865,5,11,20240827,5,1,3,1,7,4760.00,952.0,3808.0
29896,6,5,20241201,10,1,3,1,2,420.00,84.0,336.0
29933,9,11,20230103,13,1,3,1,8,2240.00,448.0,1792.0
30442,11,5,20240525,14,1,3,1,10,9500.00,1900.0,7600.0
30513,2,11,20231204,7,1,3,1,1,2500.00,500.0,2000.0
30705,5,4,20230208,14,1,3,1,2,1360.00,272.0,1088.0
30859,6,2,20240608,4,1,3,1,2,420.00,84.0,336.0
30863,8,10,20230122,7,1,3,1,7,6650.00,1330.0,5320.0
30864,5,10,20240802,10,1,3,1,5,3400.00,680.0,2720.0
31075,3,5,20230922,1,1,3,1,6,30600.00,6120.0,24480.0
31164,7,5,20251013,11,1,3,1,10,18500.00,3700.0,14800.0
31174,8,1,20241215,2,1,3,1,7,6650.00,1330.0,5320.0
31240,2,2,20230103,7,1,3,1,2,5000.00,1000.0,4000.0
31306,5,5,20240327,3,1,3,1,9,6120.00,1224.0,4896.0
31311,9,8,20230801,2,1,3,1,8,2240.00,448.0,1792.0
31706,7,5,20231007,2,1,3,1,9,16650.00,3330.0,13320.0
31859,9,5,20230618,1,1,3,1,8,2240.00,448.0,1792.0
31987,7,7,20240505,6,1,3,1,8,14800.00,2960.0,11840.0
31994,1,4,20231007,8,1,3,1,9,37800.00,7560.0,30240.0
32098,3,7,20240208,5,1,3,1,5,25500.00,5100.0,20400.0
32177,6,3,20250620,6,1,3,1,9,1890.00,378.0,1512.0
32747,9,3,20230820,12,1,3,1,3,840.00,168.0,672.0
32907,5,6,20240812,9,1,3,1,8,5440.00,1088.0,4352.0
32913,6,7,20251024,9,1,3,1,7,1470.00,294.0,1176.0
33013,3,9,20240802,2,1,3,1,7,35700.00,7140.0,28560.0
33036,7,3,20230213,14,1,3,1,6,11100.00,2220.0,8880.0
33061,1,9,20240424,1,1,3,1,4,16800.00,3360.0,13440.0
33117,3,1,20250608,7,1,3,1,5,25500.00,5100.0,20400.0
33148,1,7,20231226,5,1,3,1,4,16800.00,3360.0,13440.0
33185,8,7,20240814,3,1,3,1,4,3800.00,760.0,3040.0
33231,8,6,20230707,13,1,3,1,9,8550.00,1710.0,6840.0
33236,8,8,20240405,4,1,3,1,2,1900.00,380.0,1520.0
33323,11,8,20241127,12,1,3,1,10,9500.00,1900.0,7600.0
33422,9,10,20250227,5,1,3,1,2,560.00,112.0,448.0
33585,2,3,20230712,3,1,3,1,2,5000.00,1000.0,4000.0
33682,3,7,20230504,2,1,3,1,6,30600.00,6120.0,24480.0
33747,4,9,20230311,5,1,3,1,3,960.00,192.0,768.0
33776,4,5,20240205,15,1,3,1,7,2240.00,448.0,1792.0
33818,6,10,20250720,4,1,3,1,3,630.00,126.0,504.0
34336,4,9,20230520,6,1,3,1,8,2560.00,512.0,2048.0
34456,11,4,20231120,4,1,3,1,1,950.00,190.0,760.0
34465,5,1,20251110,6,1,3,1,7,4760.00,952.0,3808.0
34759,2,9,20250220,15,1,3,1,3,7500.00,1500.0,6000.0
34780,9,4,20251101,4,1,3,1,6,1680.00,336.0,1344.0
34823,5,10,20251103,13,1,3,1,7,4760.00,952.0,3808.0
34858,5,5,20230107,7,1,3,1,1,680.00,136.0,544.0
219,4,1,20230320,6,1,3,2,3,960.00,192.0,768.0
260,3,6,20230908,9,1,3,2,8,40800.00,8160.0,32640.0
421,2,8,20230126,10,1,3,2,2,5000.00,1000.0,4000.0
538,9,2,20240829,12,1,3,2,8,2240.00,448.0,1792.0
585,9,8,20251118,8,1,3,2,6,1680.00,336.0,1344.0
650,7,6,20230710,9,1,3,2,5,9250.00,1850.0,7400.0
712,10,10,20230526,5,1,3,2,10,3900.00,780.0,3120.0
744,1,5,20240709,3,1,3,2,10,42000.00,8400.0,33600.0
1191,6,2,20230831,5,1,3,2,2,420.00,84.0,336.0
1235,1,10,20240513,13,1,3,2,7,29400.00,5880.0,23520.0
1413,2,4,20240218,10,1,3,2,9,22500.00,4500.0,18000.0
1484,1,6,20241020,12,1,3,2,8,33600.00,6720.0,26880.0
1536,7,10,20250827,15,1,3,2,1,1850.00,370.0,1480.0
1570,6,7,20251013,10,1,3,2,9,1890.00,378.0,1512.0
1643,2,4,20241117,12,1,3,2,9,22500.00,4500.0,18000.0
1686,3,8,20230712,2,1,3,2,4,20400.00,4080.0,16320.0
1764,2,4,20240812,4,1,3,2,2,5000.00,1000.0,4000.0
2069,5,1,20250724,15,1,3,2,5,3400.00,680.0,2720.0
2088,2,8,20240912,3,1,3,2,7,17500.00,3500.0,14000.0
2332,1,4,20251022,12,1,3,2,9,37800.00,7560.0,30240.0
2522,1,4,20250404,2,1,3,2,4,16800.00,3360.0,13440.0
2612,8,9,20230910,2,1,3,2,10,9500.00,1900.0,7600.0
2700,11,7,20250427,14,1,3,2,1,950.00,190.0,760.0
2751,10,5,20231020,9,1,3,2,7,2730.00,546.0,2184.0
2765,5,1,20230509,11,1,3,2,8,5440.00,1088.0,4352.0
2910,10,3,20230918,1,1,3,2,2,780.00,156.0,624.0
2961,3,6,20250630,11,1,3,2,2,10200.00,2040.0,8160.0
2997,11,7,20231229,7,1,3,2,5,4750.00,950.0,3800.0
3001,3,8,20250509,4,1,3,2,8,40800.00,8160.0,32640.0
3129,10,2,20231029,14,1,3,2,1,390.00,78.0,312.0
3163,10,9,20250520,4,1,3,2,2,780.00,156.0,624.0
3165,10,9,20240704,1,1,3,2,7,2730.00,546.0,2184.0
3201,6,1,20230725,6,1,3,2,3,630.00,126.0,504.0
3298,11,3,20251210,3,1,3,2,10,9500.00,1900.0,7600.0
3524,9,8,20230622,4,1,3,2,10,2800.00,560.0,2240.0
3546,6,7,20250407,14,1,3,2,7,1470.00,294.0,1176.0
3656,7,7,20250506,6,1,3,2,8,14800.00,2960.0,11840.0
3828,8,2,20251118,13,1,3,2,10,9500.00,1900.0,7600.0
3858,3,11,20251113,11,1,3,2,5,25500.00,5100.0,20400.0
3966,1,9,20240419,11,1,3,2,4,16800.00,3360.0,13440.0
4041,5,9,20240510,1,1,3,2,8,5440.00,1088.0,4352.0
4043,5,5,20231112,7,1,3,2,10,6800.00,1360.0,5440.0
4156,4,2,20241217,2,1,3,2,6,1920.00,384.0,1536.0
4157,5,3,20250420,9,1,3,2,8,5440.00,1088.0,4352.0
4193,4,5,20250822,15,1,3,2,5,1600.00,320.0,1280.0
4204,8,8,20230210,13,1,3,2,10,9500.00,1900.0,7600.0
4225,4,6,20240604,15,1,3,2,5,1600.00,320.0,1280.0
4509,9,5,20240511,8,1,3,2,1,280.00,56.0,224.0
4535,9,11,20250725,1,1,3,2,4,1120.00,224.0,896.0
4550,2,9,20250906,15,1,3,2,6,15000.00,3000.0,12000.0
4591,8,3,20230521,9,1,3,2,7,6650.00,1330.0,5320.0
4895,1,9,20250828,7,1,3,2,2,8400.00,1680.0,6720.0
4928,8,5,20240526,8,1,3,2,1,950.00,190.0,760.0
5030,9,3,20240101,10,1,3,2,5,1400.00,280.0,1120.0
5101,1,8,20240725,11,1,3,2,8,33600.00,6720.0,26880.0
5265,7,7,20240320,7,1,3,2,10,18500.00,3700.0,14800.0
5276,10,7,20230116,10,1,3,2,3,1170.00,234.0,936.0
5342,11,1,20251204,5,1,3,2,2,1900.00,380.0,1520.0
5386,8,6,20230506,13,1,3,2,1,950.00,190.0,760.0
5605,1,3,20251108,9,1,3,2,1,4200.00,840.0,3360.0
5668,3,8,20230726,3,1,3,2,9,45900.00,9180.0,36720.0
5677,6,5,20240722,11,1,3,2,3,630.00,126.0,504.0
5728,11,4,20230530,5,1,3,2,10,9500.00,1900.0,7600.0
5808,4,5,20240816,6,1,3,2,2,640.00,128.0,512.0
5842,4,9,20241124,13,1,3,2,7,2240.00,448.0,1792.0
5906,5,10,20250515,15,1,3,2,7,4760.00,952.0,3808.0
5926,9,11,20230206,8,1,3,2,10,2800.00,560.0,2240.0
6000,8,5,20240601,3,1,3,2,1,950.00,190.0,760.0
6037,3,10,20250622,11,1,3,2,7,35700.00,7140.0,28560.0
6148,10,11,20250630,9,1,3,2,1,390.00,78.0,312.0
6158,5,10,20231106,14,1,3,2,1,680.00,136.0,544.0
6185,6,4,20250108,3,1,3,2,9,1890.00,378.0,1512.0
6300,2,10,20250223,12,1,3,2,8,20000.00,4000.0,16000.0
6303,6,4,20240227,2,1,3,2,5,1050.00,210.0,840.0
6321,8,4,20231204,14,1,3,2,5,4750.00,950.0,3800.0
6397,10,2,20240831,11,1,3,2,9,3510.00,702.0,2808.0
6703,1,4,20231111,1,1,3,2,8,33600.00,6720.0,26880.0
6773,2,6,20230715,12,1,3,2,6,15000.00,3000.0,12000.0
6792,10,2,20231112,13,1,3,2,1,390.00,78.0,312.0
6848,1,10,20250829,6,1,3,2,8,33600.00,6720.0,26880.0
6849,1,11,20250306,3,1,3,2,9,37800.00,7560.0,30240.0
6931,4,4,20250824,7,1,3,2,5,1600.00,320.0,1280.0
7031,7,9,20240730,5,1,3,2,5,9250.00,1850.0,7400.0
7113,5,5,20250810,2,1,3,2,8,5440.00,1088.0,4352.0
7199,4,2,20241230,5,1,3,2,2,640.00,128.0,512.0
7257,7,9,20240621,8,1,3,2,7,12950.00,2590.0,10360.0
7321,9,10,20250901,4,1,3,2,2,560.00,112.0,448.0
7443,4,11,20230506,2,1,3,2,2,640.00,128.0,512.0
7499,7,3,20240405,5,1,3,2,9,16650.00,3330.0,13320.0
7533,1,11,20230712,4,1,3,2,5,21000.00,4200.0,16800.0
7759,1,9,20250907,7,1,3,2,8,33600.00,6720.0,26880.0
7761,8,3,20240410,1,1,3,2,4,3800.00,760.0,3040.0
7892,9,4,20230301,10,1,3,2,8,2240.00,448.0,1792.0
8177,5,10,20250429,3,1,3,2,10,6800.00,1360.0,5440.0
8285,5,8,20231208,6,1,3,2,8,5440.00,1088.0,4352.0
8608,11,2,20240802,8,1,3,2,1,950.00,190.0,760.0
8663,6,11,20251204,13,1,3,2,9,1890.00,378.0,1512.0
8732,11,4,20250410,12,1,3,2,1,950.00,190.0,760.0
8777,4,1,20231130,9,1,3,2,1,320.00,64.0,256.0
8814,7,7,20240322,12,1,3,2,2,3700.00,740.0,2960.0
8907,6,6,20230602,12,1,3,2,3,630.00,126.0,504.0
8924,2,4,20251105,15,1,3,2,4,10000.00,2000.0,8000.0
9002,5,4,20251006,7,1,3,2,9,6120.00,1224.0,4896.0
9036,11,7,20250508,15,1,3,2,7,6650.00,1330.0,5320.0
9060,2,2,20230601,1,1,3,2,3,7500.00,1500.0,6000.0
9173,4,7,20240719,3,1,3,2,10,3200.00,640.0,2560.0
9289,9,10,20241026,14,1,3,2,7,1960.00,392.0,1568.0
9390,5,1,20230108,14,1,3,2,2,1360.00,272.0,1088.0
9421,9,6,20240423,15,1,3,2,8,2240.00,448.0,1792.0
9447,3,7,20240708,10,1,3,2,4,20400.00,4080.0,16320.0
9496,7,7,20230324,8,1,3,2,4,7400.00,1480.0,5920.0
9671,10,10,20240131,12,1,3,2,4,1560.00,312.0,1248.0
9746,5,8,20250130,1,1,3,2,10,6800.00,1360.0,5440.0
9808,4,2,20251126,15,1,3,2,9,2880.00,576.0,2304.0
9814,5,10,20250615,8,1,3,2,1,680.00,136.0,544.0
10140,4,2,20250412,10,1,3,2,10,3200.00,640.0,2560.0
10159,1,3,20251108,12,1,3,2,1,4200.00,840.0,3360.0
10361,9,4,20231010,1,1,3,2,6,1680.00,336.0,1344.0
10401,10,1,20241117,12,1,3,2,4,1560.00,312.0,1248.0
10431,11,3,20230403,13,1,3,2,7,6650.00,1330.0,5320.0
10440,11,5,20230907,11,1,3,2,7,6650.00,1330.0,5320.0
10479,7,9,20251128,3,1,3,2,3,5550.00,1110.0,4440.0
10505,3,11,20230127,4,1,3,2,2,10200.00,2040.0,8160.0
10603,3,4,20250909,14,1,3,2,9,45900.00,9180.0,36720.0
10681,10,10,20230627,9,1,3,2,9,3510.00,702.0,2808.0
10721,3,6,20240321,13,1,3,2,6,30600.00,6120.0,24480.0
10731,11,6,20240601,5,1,3,2,4,3800.00,760.0,3040.0
10775,8,6,20251021,11,1,3,2,6,5700.00,1140.0,4560.0
10836,11,8,20230618,1,1,3,2,6,5700.00,1140.0,4560.0
10863,7,10,20250815,11,1,3,2,4,7400.00,1480.0,5920.0
10865,7,6,20240528,15,1,3,2,7,12950.00,2590.0,10360.0
10884,6,8,20240922,5,1,3,2,3,630.00,126.0,504.0
11111,1,8,20230216,8,1,3,2,2,8400.00,1680.0,6720.0
11149,4,9,20240310,6,1,3,2,5,1600.00,320.0,1280.0
11223,1,10,20231103,1,1,3,2,4,16800.00,3360.0,13440.0
11315,8,11,20230523,4,1,3,2,2,1900.00,380.0,1520.0
11326,2,11,20231221,13,1,3,2,8,20000.00,4000.0,16000.0
11333,2,3,20240625,5,1,3,2,8,20000.00,4000.0,16000.0
11441,4,10,20230805,12,1,3,2,8,2560.00,512.0,2048.0
11471,6,11,20240105,12,1,3,2,5,1050.00,210.0,840.0
11494,1,5,20230930,8,1,3,2,8,33600.00,6720.0,26880.0
11536,1,5,20250507,3,1,3,2,2,8400.00,1680.0,6720.0
11629,8,4,20230626,5,1,3,2,10,9500.00,1900.0,7600.0
11634,1,10,20240414,10,1,3,2,1,4200.00,840.0,3360.0
11899,2,4,20250319,15,1,3,2,1,2500.00,500.0,2000.0
12287,9,5,20240417,5,1,3,2,6,1680.00,336.0,1344.0
12327,9,2,20230713,6,1,3,2,7,1960.00,392.0,1568.0
12538,3,7,20241005,8,1,3,2,5,25500.00,5100.0,20400.0
12544,4,10,20230814,15,1,3,2,3,960.00,192.0,768.0
12738,3,10,20230204,11,1,3,2,5,25500.00,5100.0,20400.0
12924,4,10,20230729,5,1,3,2,4,1280.00,256.0,1024.0
12947,5,6,20250409,11,1,3,2,5,3400.00,680.0,2720.0
12958,5,9,20230307,14,1,3,2,3,2040.00,408.0,1632.0
13019,6,6,20231129,15,1,3,2,4,840.00,168.0,672.0
13021,7,10,20230323,8,1,3,2,3,5550.00,1110.0,4440.0
13052,6,3,20230504,14,1,3,2,1,210.00,42.0,168.0
13155,6,7,20250803,4,1,3,2,8,1680.00,336.0,1344.0
13249,8,5,20250208,5,1,3,2,10,9500.00,1900.0,7600.0
13311,10,1,20240322,1,1,3,2,2,780.00,156.0,624.0
13409,9,5,20230708,13,1,3,2,2,560.00,112.0,448.0
13470,5,4,20250609,12,1,3,2,6,4080.00,816.0,3264.0
13500,4,5,20240305,15,1,3,2,2,640.00,128.0,512.0
13533,4,6,20251217,1,1,3,2,5,1600.00,320.0,1280.0
13595,9,4,20251227,15,1,3,2,8,2240.00,448.0,1792.0
13625,6,8,20241229,4,1,3,2,1,210.00,42.0,168.0
13855,4,7,20241101,9,1,3,2,5,1600.00,320.0,1280.0
13931,4,11,20241105,2,1,3,2,2,640.00,128.0,512.0
13980,2,7,20230122,5,1,3,2,2,5000.00,1000.0,4000.0
14029,4,4,20250712,11,1,3,2,6,1920.00,384.0,1536.0
14058,3,7,20250914,14,1,3,2,2,10200.00,2040.0,8160.0
14320,11,2,20231125,13,1,3,2,10,9500.00,1900.0,7600.0
14399,10,8,20251024,12,1,3,2,5,1950.00,390.0,1560.0
14408,2,10,20230716,10,1,3,2,7,17500.00,3500.0,14000.0
14695,11,7,20241104,7,1,3,2,6,5700.00,1140.0,4560.0
14804,4,10,20241123,10,1,3,2,2,640.00,128.0,512.0
14959,10,6,20250429,7,1,3,2,7,2730.00,546.0,2184.0
14960,11,11,20231215,11,1,3,2,4,3800.00,760.0,3040.0
15128,3,11,20241207,4,1,3,2,1,5100.00,1020.0,4080.0
15223,4,7,20230810,8,1,3,2,7,2240.00,448.0,1792.0
15366,1,8,20250629,9,1,3,2,8,33600.00,6720.0,26880.0
15547,4,11,20250623,3,1,3,2,9,2880.00,576.0,2304.0
15549,7,7,20250216,3,1,3,2,6,11100.00,2220.0,8880.0
15555,3,5,20230807,15,1,3,2,6,30600.00,6120.0,24480.0
15659,10,11,20240801,11,1,3,2,2,780.00,156.0,624.0
15676,4,3,20241110,1,1,3,2,2,640.00,128.0,512.0
15799,2,8,20250326,11,1,3,2,6,15000.00,3000.0,12000.0
15834,5,6,20250813,9,1,3,2,4,2720.00,544.0,2176.0
16030,4,5,20250903,3,1,3,2,7,2240.00,448.0,1792.0
16247,4,9,20230523,7,1,3,2,1,320.00,64.0,256.0
16273,11,7,20240226,8,1,3,2,9,8550.00,1710.0,6840.0
16336,5,5,20250825,2,1,3,2,4,2720.00,544.0,2176.0
16346,8,9,20241108,1,1,3,2,6,5700.00,1140.0,4560.0
16433,6,8,20231004,14,1,3,2,1,210.00,42.0,168.0
16803,4,2,20250606,4,1,3,2,8,2560.00,512.0,2048.0
16821,4,10,20240313,4,1,3,2,5,1600.00,320.0,1280.0
16964,7,6,20250626,3,1,3,2,7,12950.00,2590.0,10360.0
17042,6,6,20240619,7,1,3,2,5,1050.00,210.0,840.0
17326,3,5,20240301,10,1,3,2,5,25500.00,5100.0,20400.0
17335,5,11,20250607,3,1,3,2,4,2720.00,544.0,2176.0
17339,4,3,20241114,15,1,3,2,6,1920.00,384.0,1536.0
17556,8,5,20250515,13,1,3,2,10,9500.00,1900.0,7600.0
17573,1,4,20231116,13,1,3,2,4,16800.00,3360.0,13440.0
17611,5,3,20241016,8,1,3,2,4,2720.00,544.0,2176.0
17656,3,4,20231209,9,1,3,2,8,40800.00,8160.0,32640.0
17657,1,6,20240407,1,1,3,2,3,12600.00,2520.0,10080.0
17807,1,7,20230922,4,1,3,2,10,42000.00,8400.0,33600.0
17817,5,6,20250130,5,1,3,2,10,6800.00,1360.0,5440.0
17879,2,11,20231028,7,1,3,2,7,17500.00,3500.0,14000.0
17885,5,9,20240418,12,1,3,2,7,4760.00,952.0,3808.0
17886,5,9,20230807,15,1,3,2,2,1360.00,272.0,1088.0
17994,10,2,20240407,5,1,3,2,7,2730.00,546.0,2184.0
18016,4,11,20231014,12,1,3,2,9,2880.00,576.0,2304.0
18178,9,11,20230830,14,1,3,2,5,1400.00,280.0,1120.0
18193,7,11,20250115,4,1,3,2,1,1850.00,370.0,1480.0
18445,8,8,20230531,4,1,3,2,3,2850.00,570.0,2280.0
18509,11,9,20230828,2,1,3,2,6,5700.00,1140.0,4560.0
18694,9,11,20230125,7,1,3,2,10,2800.00,560.0,2240.0
18842,7,3,20230123,6,1,3,2,1,1850.00,370.0,1480.0
18862,2,2,20230105,5,1,3,2,1,2500.00,500.0,2000.0
19178,9,10,20251029,4,1,3,2,1,280.00,56.0,224.0
19202,9,7,20251013,3,1,3,2,5,1400.00,280.0,1120.0
19215,2,8,20231002,6,1,3,2,9,22500.00,4500.0,18000.0
19406,9,10,20240825,15,1,3,2,1,280.00,56.0,224.0
19917,11,11,20251214,15,1,3,2,5,4750.00,950.0,3800.0
20019,6,9,20240405,10,1,3,2,8,1680.00,336.0,1344.0
20291,8,3,20250507,13,1,3,2,9,8550.00,1710.0,6840.0
20435,1,4,20240321,11,1,3,2,5,21000.00,4200.0,16800.0
20484,1,8,20230623,11,1,3,2,8,33600.00,6720.0,26880.0
20690,1,5,20240226,3,1,3,2,4,16800.00,3360.0,13440.0
20897,6,5,20250912,14,1,3,2,5,1050.00,210.0,840.0
20940,8,5,20250908,13,1,3,2,1,950.00,190.0,760.0
20976,5,1,20250614,6,1,3,2,6,4080.00,816.0,3264.0
21164,5,1,20251207,12,1,3,2,10,6800.00,1360.0,5440.0
21265,1,6,20241017,12,1,3,2,5,21000.00,4200.0,16800.0
21332,10,5,20231031,6,1,3,2,7,2730.00,546.0,2184.0
21448,5,2,20230415,2,1,3,2,2,1360.00,272.0,1088.0
21492,10,1,20230625,13,1,3,2,6,2340.00,468.0,1872.0
21586,2,7,20230920,6,1,3,2,3,7500.00,1500.0,6000.0
21587,3,10,20241210,14,1,3,2,3,15300.00,3060.0,12240.0
21725,5,5,20230429,4,1,3,2,4,2720.00,544.0,2176.0
21830,1,10,20230812,5,1,3,2,9,37800.00,7560.0,30240.0
21841,3,8,20250417,6,1,3,2,4,20400.00,4080.0,16320.0
21960,8,2,20250110,13,1,3,2,5,4750.00,950.0,3800.0
22352,10,10,20230211,12,1,3,2,7,2730.00,546.0,2184.0
22661,10,1,20240506,13,1,3,2,4,1560.00,312.0,1248.0
22719,5,8,20230923,10,1,3,2,10,6800.00,1360.0,5440.0
22786,4,6,20231021,4,1,3,2,3,960.00,192.0,768.0
23075,6,9,20250924,9,1,3,2,5,1050.00,210.0,840.0
23079,4,2,20240525,8,1,3,2,5,1600.00,320.0,1280.0
23088,8,5,20240113,13,1,3,2,8,7600.00,1520.0,6080.0
23152,5,8,20250422,13,1,3,2,10,6800.00,1360.0,5440.0
23155,4,4,20250624,12,1,3,2,2,640.00,128.0,512.0
23171,11,5,20230904,14,1,3,2,8,7600.00,1520.0,6080.0
23278,5,3,20241221,2,1,3,2,9,6120.00,1224.0,4896.0
23389,11,8,20241224,2,1,3,2,2,1900.00,380.0,1520.0
23721,5,4,20250725,2,1,3,2,7,4760.00,952.0,3808.0
23899,10,4,20240610,9,1,3,2,5,1950.00,390.0,1560.0
23915,2,4,20230218,11,1,3,2,8,20000.00,4000.0,16000.0
23917,5,8,20241225,3,1,3,2,2,1360.00,272.0,1088.0
23936,6,2,20251119,10,1,3,2,1,210.00,42.0,168.0
24144,2,8,20240206,8,1,3,2,1,2500.00,500.0,2000.0
24303,7,7,20251008,10,1,3,2,8,14800.00,2960.0,11840.0
24347,9,7,20250420,13,1,3,2,4,1120.00,224.0,896.0
24544,5,11,20230203,2,1,3,2,7,4760.00,952.0,3808.0
24551,7,5,20250503,7,1,3,2,4,7400.00,1480.0,5920.0
24632,8,5,20230603,1,1,3,2,5,4750.00,950.0,3800.0
24669,1,1,20240101,1,1,3,2,4,16800.00,3360.0,13440.0
24979,2,6,20250115,12,1,3,2,4,10000.00,2000.0,8000.0
25026,3,7,20240412,4,1,3,2,1,5100.00,1020.0,4080.0
25033,9,5,20230414,10,1,3,2,3,840.00,168.0,672.0
25161,1,8,20241013,5,1,3,2,3,12600.00,2520.0,10080.0
25342,8,11,20230123,14,1,3,2,8,7600.00,1520.0,6080.0
25378,7,1,20240820,4,1,3,2,10,18500.00,3700.0,14800.0
25393,11,3,20251220,3,1,3,2,4,3800.00,760.0,3040.0
25429,8,6,20240329,7,1,3,2,4,3800.00,760.0,3040.0
25519,4,3,20240127,15,1,3,2,2,640.00,128.0,512.0
25579,3,4,20230101,12,1,3,2,10,51000.00,10200.0,40800.0
25612,8,9,20250523,4,1,3,2,9,8550.00,1710.0,6840.0
25631,5,3,20230629,1,1,3,2,1,680.00,136.0,544.0
25640,11,7,20230615,12,1,3,2,1,950.00,190.0,760.0
25688,10,10,20251019,14,1,3,2,10,3900.00,780.0,3120.0
25696,2,10,20240318,1,1,3,2,10,25000.00,5000.0,20000.0
25710,1,1,20231128,6,1,3,2,5,21000.00,4200.0,16800.0
25847,10,8,20230221,9,1,3,2,2,780.00,156.0,624.0
25879,11,7,20230302,13,1,3,2,1,950.00,190.0,760.0
25947,10,4,20230825,15,1,3,2,6,2340.00,468.0,1872.0
26036,5,10,20230317,7,1,3,2,1,680.00,136.0,544.0
26234,11,6,20250116,3,1,3,2,5,4750.00,950.0,3800.0
26251,4,9,20240305,8,1,3,2,8,2560.00,512.0,2048.0
26317,8,11,20240423,1,1,3,2,5,4750.00,950.0,3800.0
26423,4,5,20240404,10,1,3,2,8,2560.00,512.0,2048.0
26430,1,11,20230121,8,1,3,2,10,42000.00,8400.0,33600.0
26542,3,5,20230206,15,1,3,2,8,40800.00,8160.0,32640.0
26638,7,2,20251128,14,1,3,2,6,11100.00,2220.0,8880.0
26803,7,10,20240121,9,1,3,2,10,18500.00,3700.0,14800.0
26966,2,2,20240826,13,1,3,2,6,15000.00,3000.0,12000.0
27092,11,4,20230125,4,1,3,2,6,5700.00,1140.0,4560.0
27116,9,10,20230820,4,1,3,2,6,1680.00,336.0,1344.0
27279,1,6,20250417,15,1,3,2,2,8400.00,1680.0,6720.0
27402,10,9,20250408,5,1,3,2,5,1950.00,390.0,1560.0
27491,11,3,20230521,11,1,3,2,8,7600.00,1520.0,6080.0
27537,9,8,20240930,13,1,3,2,5,1400.00,280.0,1120.0
27631,1,11,20250116,10,1,3,2,2,8400.00,1680.0,6720.0
27908,1,10,20240803,11,1,3,2,9,37800.00,7560.0,30240.0
27947,4,8,20241105,4,1,3,2,10,3200.00,640.0,2560.0
27963,8,1,20250214,15,1,3,2,5,4750.00,950.0,3800.0
27980,2,7,20250330,7,1,3,2,8,20000.00,4000.0,16000.0
28020,4,8,20240216,8,1,3,2,5,1600.00,320.0,1280.0
28247,1,8,20250519,3,1,3,2,1,4200.00,840.0,3360.0
28316,2,2,20240630,6,1,3,2,7,17500.00,3500.0,14000.0
28356,6,6,20230217,7,1,3,2,9,1890.00,378.0,1512.0
28371,6,8,20250506,7,1,3,2,2,420.00,84.0,336.0
28379,4,7,20231126,9,1,3,2,8,2560.00,512.0,2048.0
28418,11,10,20251206,11,1,3,2,4,3800.00,760.0,3040.0
28423,6,10,20230415,4,1,3,2,9,1890.00,378.0,1512.0
28425,8,11,20231012,8,1,3,2,1,950.00,190.0,760.0
28592,10,11,20251201,10,1,3,2,4,1560.00,312.0,1248.0
28647,7,9,20230520,6,1,3,2,4,7400.00,1480.0,5920.0
28768,10,10,20240327,11,1,3,2,4,1560.00,312.0,1248.0
28775,1,10,20251201,15,1,3,2,2,8400.00,1680.0,6720.0
28806,11,8,20230120,11,1,3,2,10,9500.00,1900.0,7600.0
29214,5,5,20250228,15,1,3,2,7,4760.00,952.0,3808.0
29257,10,10,20241117,13,1,3,2,9,3510.00,702.0,2808.0
29281,1,2,20231022,7,1,3,2,1,4200.00,840.0,3360.0
29341,6,11,20240711,5,1,3,2,4,840.00,168.0,672.0
29383,2,8,20230419,9,1,3,2,3,7500.00,1500.0,6000.0
29423,7,9,20250507,10,1,3,2,5,9250.00,1850.0,7400.0
29465,3,2,20230915,13,1,3,2,5,25500.00,5100.0,20400.0
29525,11,8,20240528,1,1,3,2,7,6650.00,1330.0,5320.0
29606,4,2,20230822,2,1,3,2,4,1280.00,256.0,1024.0
29724,6,10,20230309,6,1,3,2,4,840.00,168.0,672.0
29796,9,10,20241023,11,1,3,2,8,2240.00,448.0,1792.0
29885,1,11,20231216,8,1,3,2,3,12600.00,2520.0,10080.0
29898,6,11,20241010,14,1,3,2,10,2100.00,420.0,1680.0
29999,3,7,20240107,8,1,3,2,2,10200.00,2040.0,8160.0
30191,8,4,20240731,6,1,3,2,10,9500.00,1900.0,7600.0
30193,9,5,20240508,1,1,3,2,4,1120.00,224.0,896.0
30677,4,10,20230410,4,1,3,2,8,2560.00,512.0,2048.0
30716,9,10,20231106,2,1,3,2,1,280.00,56.0,224.0
30804,9,5,20240705,2,1,3,2,4,1120.00,224.0,896.0
30824,11,4,20230306,12,1,3,2,7,6650.00,1330.0,5320.0
30954,1,11,20230812,8,1,3,2,10,42000.00,8400.0,33600.0
31105,8,7,20250731,4,1,3,2,1,950.00,190.0,760.0
31221,1,4,20250912,14,1,3,2,6,25200.00,5040.0,20160.0
31402,4,4,20230325,15,1,3,2,7,2240.00,448.0,1792.0
31506,11,11,20250412,7,1,3,2,4,3800.00,760.0,3040.0
31523,11,9,20230213,9,1,3,2,1,950.00,190.0,760.0
31646,2,10,20230307,6,1,3,2,5,12500.00,2500.0,10000.0
31651,10,8,20230730,14,1,3,2,5,1950.00,390.0,1560.0
31772,4,2,20240416,2,1,3,2,6,1920.00,384.0,1536.0
31856,11,11,20230813,15,1,3,2,1,950.00,190.0,760.0
31877,3,2,20240802,2,1,3,2,1,5100.00,1020.0,4080.0
32095,1,9,20231030,13,1,3,2,10,42000.00,8400.0,33600.0
32140,3,10,20240110,6,1,3,2,4,20400.00,4080.0,16320.0
32156,7,10,20241223,4,1,3,2,4,7400.00,1480.0,5920.0
32301,11,11,20240426,12,1,3,2,9,8550.00,1710.0,6840.0
32363,11,3,20250504,11,1,3,2,9,8550.00,1710.0,6840.0
32400,2,2,20250519,10,1,3,2,9,22500.00,4500.0,18000.0
32476,3,9,20240606,7,1,3,2,6,30600.00,6120.0,24480.0
32845,8,7,20230824,2,1,3,2,7,6650.00,1330.0,5320.0
33058,5,5,20241015,10,1,3,2,2,1360.00,272.0,1088.0
33072,1,3,20251208,13,1,3,2,3,12600.00,2520.0,10080.0
33304,1,5,20250521,2,1,3,2,2,8400.00,1680.0,6720.0
33310,8,5,20241125,1,1,3,2,1,950.00,190.0,760.0
33412,1,2,20240802,5,1,3,2,8,33600.00,6720.0,26880.0
33506,9,10,20231217,14,1,3,2,5,1400.00,280.0,1120.0
33615,10,2,20230317,8,1,3,2,3,1170.00,234.0,936.0
33712,3,11,20250130,5,1,3,2,9,45900.00,9180.0,36720.0
33722,2,6,20230211,5,1,3,2,2,5000.00,1000.0,4000.0
33868,11,9,20230821,12,1,3,2,1,950.00,190.0,760.0
33969,11,11,20250507,4,1,3,2,10,9500.00,1900.0,7600.0
33974,5,3,20250509,9,1,3,2,2,1360.00,272.0,1088.0
34143,9,6,20250807,9,1,3,2,9,2520.00,504.0,2016.0
34183,2,11,20241010,3,1,3,2,1,2500.00,500.0,2000.0
34391,3,11,20250513,5,1,3,2,9,45900.00,9180.0,36720.0
34405,9,9,20251207,14,1,3,2,4,1120.00,224.0,896.0
34407,8,6,20240908,5,1,3,2,9,8550.00,1710.0,6840.0
34453,1,6,20240525,2,1,3,2,10,42000.00,8400.0,33600.0
34813,8,6,20250804,15,1,3,2,6,5700.00,1140.0,4560.0
34830,5,10,20251221,10,1,3,2,10,6800.00,1360.0,5440.0
34883,5,2,20230911,3,1,3,2,2,1360.00,272.0,1088.0
137,1,1,20250601,6,1,3,3,6,25200.00,5040.0,20160.0
297,6,5,20230508,10,1,3,3,4,840.00,168.0,672.0
357,5,8,20251012,13,1,3,3,4,2720.00,544.0,2176.0
380,10,7,20231220,10,1,3,3,8,3120.00,624.0,2496.0
464,6,11,20231007,7,1,3,3,6,1260.00,252.0,1008.0
470,5,4,20230103,4,1,3,3,2,1360.00,272.0,1088.0
791,5,5,20241025,13,1,3,3,9,6120.00,1224.0,4896.0
843,8,2,20240729,3,1,3,3,3,2850.00,570.0,2280.0
933,6,7,20240922,6,1,3,3,6,1260.00,252.0,1008.0
1007,8,2,20250309,4,1,3,3,10,9500.00,1900.0,7600.0
1080,4,9,20231121,1,1,3,3,6,1920.00,384.0,1536.0
1712,9,7,20241219,3,1,3,3,9,2520.00,504.0,2016.0
1985,1,6,20231105,14,1,3,3,4,16800.00,3360.0,13440.0
2036,4,4,20250915,11,1,3,3,10,3200.00,640.0,2560.0
2240,1,10,20230116,6,1,3,3,7,29400.00,5880.0,23520.0
2322,2,9,20250828,15,1,3,3,3,7500.00,1500.0,6000.0
2452,2,4,20240302,3,1,3,3,2,5000.00,1000.0,4000.0
2454,9,3,20251130,11,1,3,3,5,1400.00,280.0,1120.0
2671,7,3,20250701,9,1,3,3,1,1850.00,370.0,1480.0
2791,11,6,20230403,7,1,3,3,8,7600.00,1520.0,6080.0
2881,1,7,20251119,7,1,3,3,10,42000.00,8400.0,33600.0
2981,2,8,20250520,8,1,3,3,3,7500.00,1500.0,6000.0
3002,4,7,20250717,3,1,3,3,5,1600.00,320.0,1280.0
3181,3,3,20230308,13,1,3,3,4,20400.00,4080.0,16320.0
3331,9,6,20230611,9,1,3,3,9,2520.00,504.0,2016.0
3479,5,5,20240304,5,1,3,3,9,6120.00,1224.0,4896.0
3620,7,10,20241023,10,1,3,3,9,16650.00,3330.0,13320.0
3696,4,9,20230506,12,1,3,3,2,640.00,128.0,512.0
3790,9,1,20250109,6,1,3,3,1,280.00,56.0,224.0
3819,10,10,20230219,2,1,3,3,10,3900.00,780.0,3120.0
3930,10,9,20241117,6,1,3,3,1,390.00,78.0,312.0
4220,2,1,20251230,8,1,3,3,6,15000.00,3000.0,12000.0
4340,9,8,20230425,8,1,3,3,6,1680.00,336.0,1344.0
4368,4,4,20240601,14,1,3,3,5,1600.00,320.0,1280.0
4589,8,7,20240910,1,1,3,3,9,8550.00,1710.0,6840.0
4590,1,9,20250127,2,1,3,3,2,8400.00,1680.0,6720.0
4725,10,7,20241205,14,1,3,3,1,390.00,78.0,312.0
4768,8,5,20230108,12,1,3,3,4,3800.00,760.0,3040.0
4852,11,5,20230922,12,1,3,3,10,9500.00,1900.0,7600.0
4866,1,10,20240812,4,1,3,3,9,37800.00,7560.0,30240.0
4872,9,9,20230326,11,1,3,3,10,2800.00,560.0,2240.0
4957,1,5,20251030,2,1,3,3,9,37800.00,7560.0,30240.0
5112,6,8,20230301,13,1,3,3,4,840.00,168.0,672.0
5219,3,11,20240613,12,1,3,3,9,45900.00,9180.0,36720.0
5250,6,11,20231218,2,1,3,3,7,1470.00,294.0,1176.0
5274,10,2,20250317,1,1,3,3,4,1560.00,312.0,1248.0
5357,8,11,20230614,10,1,3,3,9,8550.00,1710.0,6840.0
5363,3,11,20240917,4,1,3,3,4,20400.00,4080.0,16320.0
5387,8,6,20251219,13,1,3,3,2,1900.00,380.0,1520.0
5407,3,10,20250905,4,1,3,3,8,40800.00,8160.0,32640.0
5783,8,8,20251124,8,1,3,3,5,4750.00,950.0,3800.0
5785,10,10,20240110,15,1,3,3,9,3510.00,702.0,2808.0
6238,7,11,20240411,1,1,3,3,2,3700.00,740.0,2960.0
6281,11,3,20251012,2,1,3,3,5,4750.00,950.0,3800.0
6346,11,7,20250528,14,1,3,3,2,1900.00,380.0,1520.0
6493,9,2,20240115,9,1,3,3,4,1120.00,224.0,896.0
6603,5,3,20230506,9,1,3,3,1,680.00,136.0,544.0
6718,10,9,20230615,10,1,3,3,5,1950.00,390.0,1560.0
6778,4,10,20231004,1,1,3,3,9,2880.00,576.0,2304.0
6877,11,8,20251213,7,1,3,3,1,950.00,190.0,760.0
6880,10,9,20240827,14,1,3,3,7,2730.00,546.0,2184.0
6916,5,11,20230206,15,1,3,3,6,4080.00,816.0,3264.0
7037,6,8,20230706,15,1,3,3,6,1260.00,252.0,1008.0
7161,3,8,20241022,2,1,3,3,4,20400.00,4080.0,16320.0
7164,5,8,20240512,11,1,3,3,4,2720.00,544.0,2176.0
7170,10,10,20250506,4,1,3,3,4,1560.00,312.0,1248.0
7273,1,6,20250308,11,1,3,3,10,42000.00,8400.0,33600.0
7349,2,9,20230212,1,1,3,3,5,12500.00,2500.0,10000.0
7361,4,2,20230420,7,1,3,3,6,1920.00,384.0,1536.0
7365,11,8,20231207,10,1,3,3,6,5700.00,1140.0,4560.0
7608,10,10,20241210,11,1,3,3,9,3510.00,702.0,2808.0
7647,9,2,20250412,6,1,3,3,7,1960.00,392.0,1568.0
7718,2,6,20250315,11,1,3,3,2,5000.00,1000.0,4000.0
7732,1,3,20251009,5,1,3,3,2,8400.00,1680.0,6720.0
8039,7,3,20240919,4,1,3,3,4,7400.00,1480.0,5920.0
8276,3,7,20250410,10,1,3,3,7,35700.00,7140.0,28560.0
8382,1,4,20240528,7,1,3,3,5,21000.00,4200.0,16800.0
8433,5,6,20230525,11,1,3,3,3,2040.00,408.0,1632.0
8471,9,6,20251209,9,1,3,3,3,840.00,168.0,672.0
8488,9,4,20250110,6,1,3,3,5,1400.00,280.0,1120.0
8491,6,11,20250709,14,1,3,3,1,210.00,42.0,168.0
8522,10,8,20230822,8,1,3,3,10,3900.00,780.0,3120.0
8577,4,4,20240701,8,1,3,3,8,2560.00,512.0,2048.0
8644,6,11,20240418,8,1,3,3,4,840.00,168.0,672.0
8810,5,8,20240831,7,1,3,3,1,680.00,136.0,544.0
8832,11,2,20250501,3,1,3,3,9,8550.00,1710.0,6840.0
9018,7,7,20250709,14,1,3,3,8,14800.00,2960.0,11840.0
9132,1,7,20231019,15,1,3,3,7,29400.00,5880.0,23520.0
9160,2,3,20241231,13,1,3,3,10,25000.00,5000.0,20000.0
9208,11,9,20230707,14,1,3,3,6,5700.00,1140.0,4560.0
9292,11,4,20230714,4,1,3,3,3,2850.00,570.0,2280.0
9294,5,6,20231211,12,1,3,3,7,4760.00,952.0,3808.0
9385,2,11,20231124,3,1,3,3,5,12500.00,2500.0,10000.0
9444,10,1,20240116,7,1,3,3,10,3900.00,780.0,3120.0
9539,6,11,20241214,8,1,3,3,6,1260.00,252.0,1008.0
9579,7,9,20230924,9,1,3,3,4,7400.00,1480.0,5920.0
9686,10,11,20231123,5,1,3,3,3,1170.00,234.0,936.0
9888,10,5,20240420,15,1,3,3,7,2730.00,546.0,2184.0
9915,10,4,20231024,1,1,3,3,10,3900.00,780.0,3120.0
10045,11,6,20250228,8,1,3,3,6,5700.00,1140.0,4560.0
10176,2,11,20231003,3,1,3,3,6,15000.00,3000.0,12000.0
10323,1,5,20251221,2,1,3,3,6,25200.00,5040.0,20160.0
10456,11,2,20240120,4,1,3,3,7,6650.00,1330.0,5320.0
10573,1,3,20230130,1,1,3,3,6,25200.00,5040.0,20160.0
10766,10,5,20230411,2,1,3,3,5,1950.00,390.0,1560.0
10847,10,2,20250611,7,1,3,3,6,2340.00,468.0,1872.0
11388,5,11,20250925,2,1,3,3,7,4760.00,952.0,3808.0
11438,1,9,20240224,12,1,3,3,3,12600.00,2520.0,10080.0
11500,7,11,20230123,10,1,3,3,6,11100.00,2220.0,8880.0
11512,8,2,20250318,9,1,3,3,8,7600.00,1520.0,6080.0
11535,5,11,20240420,1,1,3,3,6,4080.00,816.0,3264.0
11544,3,5,20241112,3,1,3,3,2,10200.00,2040.0,8160.0
11617,8,11,20231214,14,1,3,3,1,950.00,190.0,760.0
11636,2,1,20240619,5,1,3,3,7,17500.00,3500.0,14000.0
11942,5,8,20230719,14,1,3,3,8,5440.00,1088.0,4352.0
12156,3,1,20230609,1,1,3,3,1,5100.00,1020.0,4080.0
12227,9,7,20250213,3,1,3,3,1,280.00,56.0,224.0
12272,1,10,20231201,14,1,3,3,3,12600.00,2520.0,10080.0
12431,11,8,20240306,8,1,3,3,1,950.00,190.0,760.0
12611,8,4,20240120,12,1,3,3,3,2850.00,570.0,2280.0
12766,8,6,20240706,14,1,3,3,7,6650.00,1330.0,5320.0
12771,7,10,20230317,4,1,3,3,2,3700.00,740.0,2960.0
12774,9,9,20251003,7,1,3,3,1,280.00,56.0,224.0
12831,4,10,20230923,10,1,3,3,5,1600.00,320.0,1280.0
12867,7,5,20230131,12,1,3,3,8,14800.00,2960.0,11840.0
12922,9,5,20240910,4,1,3,3,4,1120.00,224.0,896.0
12930,5,4,20251118,3,1,3,3,9,6120.00,1224.0,4896.0
12979,7,1,20230714,6,1,3,3,9,16650.00,3330.0,13320.0
13205,11,4,20230120,9,1,3,3,6,5700.00,1140.0,4560.0
13309,9,6,20250219,11,1,3,3,9,2520.00,504.0,2016.0
13399,5,11,20250717,14,1,3,3,5,3400.00,680.0,2720.0
13714,9,9,20251226,4,1,3,3,7,1960.00,392.0,1568.0
13977,4,7,20250425,4,1,3,3,5,1600.00,320.0,1280.0
14153,8,9,20250813,3,1,3,3,7,6650.00,1330.0,5320.0
14245,5,8,20230103,7,1,3,3,1,680.00,136.0,544.0
14341,9,1,20241118,3,1,3,3,1,280.00,56.0,224.0
14344,1,5,20240107,1,1,3,3,6,25200.00,5040.0,20160.0
14406,11,3,20230327,15,1,3,3,5,4750.00,950.0,3800.0
14737,2,4,20240815,1,1,3,3,5,12500.00,2500.0,10000.0
14926,8,5,20251214,8,1,3,3,1,950.00,190.0,760.0
15059,1,8,20231017,4,1,3,3,2,8400.00,1680.0,6720.0
15109,9,5,20250107,8,1,3,3,2,560.00,112.0,448.0
15195,8,11,20230315,1,1,3,3,10,9500.00,1900.0,7600.0
15254,1,9,20231118,15,1,3,3,9,37800.00,7560.0,30240.0
15351,11,4,20231029,7,1,3,3,5,4750.00,950.0,3800.0
15687,4,2,20230618,10,1,3,3,10,3200.00,640.0,2560.0
15804,7,3,20240320,6,1,3,3,10,18500.00,3700.0,14800.0
15858,2,4,20240208,3,1,3,3,8,20000.00,4000.0,16000.0
15905,5,6,20240514,8,1,3,3,9,6120.00,1224.0,4896.0
15977,4,1,20240424,12,1,3,3,7,2240.00,448.0,1792.0
16019,6,4,20240602,4,1,3,3,2,420.00,84.0,336.0
16126,5,1,20240525,6,1,3,3,1,680.00,136.0,544.0
16146,10,9,20240206,10,1,3,3,1,390.00,78.0,312.0
16285,9,1,20241025,10,1,3,3,9,2520.00,504.0,2016.0
16497,9,2,20240730,11,1,3,3,1,280.00,56.0,224.0
16545,3,10,20230328,9,1,3,3,2,10200.00,2040.0,8160.0
16551,11,9,20241203,1,1,3,3,6,5700.00,1140.0,4560.0
17068,8,9,20250205,8,1,3,3,9,8550.00,1710.0,6840.0
17235,11,2,20251018,9,1,3,3,9,8550.00,1710.0,6840.0
17270,8,10,20241030,11,1,3,3,3,2850.00,570.0,2280.0
17318,8,2,20250717,14,1,3,3,10,9500.00,1900.0,7600.0
17391,5,10,20230722,4,1,3,3,10,6800.00,1360.0,5440.0
17466,9,2,20250206,7,1,3,3,5,1400.00,280.0,1120.0
17478,11,9,20250503,4,1,3,3,4,3800.00,760.0,3040.0
17501,11,3,20240106,7,1,3,3,4,3800.00,760.0,3040.0
17561,7,11,20241118,13,1,3,3,4,7400.00,1480.0,5920.0
17571,4,6,20230201,11,1,3,3,3,960.00,192.0,768.0
17661,5,9,20230117,2,1,3,3,4,2720.00,544.0,2176.0
17680,2,7,20241030,8,1,3,3,5,12500.00,2500.0,10000.0
18150,9,11,20230521,5,1,3,3,5,1400.00,280.0,1120.0
18330,2,9,20231008,9,1,3,3,2,5000.00,1000.0,4000.0
18414,9,5,20241228,13,1,3,3,4,1120.00,224.0,896.0
18579,5,10,20241223,7,1,3,3,1,680.00,136.0,544.0
18594,4,11,20240502,5,1,3,3,9,2880.00,576.0,2304.0
18824,11,5,20241201,6,1,3,3,3,2850.00,570.0,2280.0
18916,8,3,20250426,15,1,3,3,1,950.00,190.0,760.0
18926,4,3,20240213,13,1,3,3,4,1280.00,256.0,1024.0
19339,2,3,20250224,5,1,3,3,1,2500.00,500.0,2000.0
19686,3,6,20231125,10,1,3,3,5,25500.00,5100.0,20400.0
19855,7,11,20251212,9,1,3,3,6,11100.00,2220.0,8880.0
19942,11,11,20250203,11,1,3,3,6,5700.00,1140.0,4560.0
20024,2,9,20240414,11,1,3,3,7,17500.00,3500.0,14000.0
20103,10,8,20240321,4,1,3,3,8,3120.00,624.0,2496.0
20136,1,9,20251110,7,1,3,3,9,37800.00,7560.0,30240.0
20167,11,9,20230901,8,1,3,3,6,5700.00,1140.0,4560.0
20240,5,3,20230925,4,1,3,3,2,1360.00,272.0,1088.0
20247,7,10,20251229,6,1,3,3,6,11100.00,2220.0,8880.0
20257,1,5,20240105,3,1,3,3,8,33600.00,6720.0,26880.0
20344,9,9,20240220,4,1,3,3,3,840.00,168.0,672.0
20403,11,7,20230908,7,1,3,3,8,7600.00,1520.0,6080.0
20405,7,5,20250220,10,1,3,3,5,9250.00,1850.0,7400.0
20757,9,10,20241104,5,1,3,3,8,2240.00,448.0,1792.0
20846,8,3,20240107,3,1,3,3,3,2850.00,570.0,2280.0
20942,8,2,20240702,2,1,3,3,10,9500.00,1900.0,7600.0
21091,4,9,20241020,15,1,3,3,10,3200.00,640.0,2560.0
21108,10,6,20240331,2,1,3,3,5,1950.00,390.0,1560.0
21114,2,9,20241125,5,1,3,3,3,7500.00,1500.0,6000.0
21129,11,11,20230628,5,1,3,3,1,950.00,190.0,760.0
21147,9,3,20240120,10,1,3,3,8,2240.00,448.0,1792.0
21179,9,1,20240612,2,1,3,3,5,1400.00,280.0,1120.0
21319,2,1,20241122,3,1,3,3,8,20000.00,4000.0,16000.0
21488,6,11,20240207,12,1,3,3,7,1470.00,294.0,1176.0
21514,8,9,20230224,4,1,3,3,9,8550.00,1710.0,6840.0
21557,6,4,20250116,13,1,3,3,3,630.00,126.0,504.0
21616,6,2,20231219,5,1,3,3,5,1050.00,210.0,840.0
21774,3,2,20250327,9,1,3,3,9,45900.00,9180.0,36720.0
21828,9,1,20240530,14,1,3,3,5,1400.00,280.0,1120.0
22099,6,3,20230131,6,1,3,3,6,1260.00,252.0,1008.0
22184,10,9,20230623,9,1,3,3,1,390.00,78.0,312.0
22388,6,2,20230715,5,1,3,3,1,210.00,42.0,168.0
22476,1,9,20251031,2,1,3,3,3,12600.00,2520.0,10080.0
22530,8,1,20230813,11,1,3,3,6,5700.00,1140.0,4560.0
22539,7,11,20231129,13,1,3,3,9,16650.00,3330.0,13320.0
22833,3,8,20250607,8,1,3,3,10,51000.00,10200.0,40800.0
22846,10,5,20230313,11,1,3,3,1,390.00,78.0,312.0
23159,3,8,20231104,2,1,3,3,3,15300.00,3060.0,12240.0
23206,5,8,20240108,12,1,3,3,6,4080.00,816.0,3264.0
23306,2,1,20250314,14,1,3,3,9,22500.00,4500.0,18000.0
23357,8,5,20230427,13,1,3,3,3,2850.00,570.0,2280.0
23360,10,2,20250712,5,1,3,3,4,1560.00,312.0,1248.0
23416,8,1,20240701,5,1,3,3,10,9500.00,1900.0,7600.0
23483,8,6,20250324,11,1,3,3,7,6650.00,1330.0,5320.0
23492,1,6,20240324,4,1,3,3,4,16800.00,3360.0,13440.0
23495,6,1,20251124,3,1,3,3,6,1260.00,252.0,1008.0
23540,8,10,20230228,11,1,3,3,1,950.00,190.0,760.0
23818,3,10,20240621,4,1,3,3,3,15300.00,3060.0,12240.0
24039,2,5,20240205,15,1,3,3,9,22500.00,4500.0,18000.0
24058,2,7,20230925,14,1,3,3,8,20000.00,4000.0,16000.0
24364,4,3,20250822,10,1,3,3,9,2880.00,576.0,2304.0
24425,8,7,20250508,14,1,3,3,8,7600.00,1520.0,6080.0
24517,10,6,20250120,13,1,3,3,3,1170.00,234.0,936.0
24883,9,11,20230410,7,1,3,3,9,2520.00,504.0,2016.0
24962,3,3,20250716,3,1,3,3,1,5100.00,1020.0,4080.0
24970,4,2,20240110,14,1,3,3,10,3200.00,640.0,2560.0
24988,2,10,20230731,7,1,3,3,2,5000.00,1000.0,4000.0
25094,10,1,20240221,2,1,3,3,9,3510.00,702.0,2808.0
25141,3,6,20230308,5,1,3,3,2,10200.00,2040.0,8160.0
25392,10,11,20231027,15,1,3,3,2,780.00,156.0,624.0
25449,3,7,20231101,10,1,3,3,7,35700.00,7140.0,28560.0
25479,2,10,20240715,9,1,3,3,3,7500.00,1500.0,6000.0
25491,10,11,20250812,5,1,3,3,1,390.00,78.0,312.0
25567,11,10,20240929,10,1,3,3,10,9500.00,1900.0,7600.0
25574,6,10,20250809,2,1,3,3,3,630.00,126.0,504.0
25619,7,9,20240322,12,1,3,3,3,5550.00,1110.0,4440.0
25693,3,8,20240617,6,1,3,3,7,35700.00,7140.0,28560.0
25694,10,2,20230711,9,1,3,3,1,390.00,78.0,312.0
25704,11,1,20240410,9,1,3,3,7,6650.00,1330.0,5320.0
25807,9,1,20251109,7,1,3,3,10,2800.00,560.0,2240.0
25867,3,8,20250902,15,1,3,3,5,25500.00,5100.0,20400.0
26017,6,1,20251105,10,1,3,3,8,1680.00,336.0,1344.0
26093,10,4,20240912,7,1,3,3,2,780.00,156.0,624.0
26097,7,11,20230728,14,1,3,3,3,5550.00,1110.0,4440.0
26205,10,9,20230107,13,1,3,3,6,2340.00,468.0,1872.0
26511,11,3,20250109,4,1,3,3,7,6650.00,1330.0,5320.0
26610,10,6,20230918,7,1,3,3,3,1170.00,234.0,936.0
26759,6,8,20230331,8,1,3,3,7,1470.00,294.0,1176.0
26797,4,5,20230225,1,1,3,3,7,2240.00,448.0,1792.0
26880,11,5,20250813,11,1,3,3,9,8550.00,1710.0,6840.0
26928,9,10,20240201,15,1,3,3,1,280.00,56.0,224.0
26954,3,2,20240616,3,1,3,3,6,30600.00,6120.0,24480.0
27025,9,8,20250506,8,1,3,3,6,1680.00,336.0,1344.0
27084,7,2,20240625,9,1,3,3,6,11100.00,2220.0,8880.0
27136,7,9,20231029,8,1,3,3,8,14800.00,2960.0,11840.0
27155,2,8,20230401,2,1,3,3,5,12500.00,2500.0,10000.0
27211,2,7,20250704,15,1,3,3,2,5000.00,1000.0,4000.0
27253,9,5,20240613,14,1,3,3,4,1120.00,224.0,896.0
27342,11,11,20231219,2,1,3,3,10,9500.00,1900.0,7600.0
27797,4,5,20240401,1,1,3,3,1,320.00,64.0,256.0
27876,3,9,20240329,7,1,3,3,10,51000.00,10200.0,40800.0
27893,10,4,20251226,5,1,3,3,9,3510.00,702.0,2808.0
27933,3,8,20240603,10,1,3,3,1,5100.00,1020.0,4080.0
27974,3,5,20230113,5,1,3,3,4,20400.00,4080.0,16320.0
28072,6,3,20240509,6,1,3,3,10,2100.00,420.0,1680.0
28181,6,6,20231130,6,1,3,3,10,2100.00,420.0,1680.0
28187,3,4,20240524,2,1,3,3,10,51000.00,10200.0,40800.0
28201,5,5,20241022,13,1,3,3,3,2040.00,408.0,1632.0
28229,9,10,20231114,6,1,3,3,2,560.00,112.0,448.0
28351,2,11,20240917,7,1,3,3,3,7500.00,1500.0,6000.0
28532,7,4,20240106,9,1,3,3,4,7400.00,1480.0,5920.0
28561,6,2,20230127,13,1,3,3,8,1680.00,336.0,1344.0
28720,3,4,20231213,2,1,3,3,10,51000.00,10200.0,40800.0
28786,6,1,20240917,14,1,3,3,2,420.00,84.0,336.0
28905,3,6,20250721,5,1,3,3,1,5100.00,1020.0,4080.0
28960,6,4,20240316,9,1,3,3,9,1890.00,378.0,1512.0
29026,3,3,20231024,1,1,3,3,4,20400.00,4080.0,16320.0
29057,8,9,20230918,6,1,3,3,2,1900.00,380.0,1520.0
29168,10,10,20250525,15,1,3,3,4,1560.00,312.0,1248.0
29258,9,1,20250721,9,1,3,3,9,2520.00,504.0,2016.0
29395,11,7,20240217,3,1,3,3,2,1900.00,380.0,1520.0
29686,8,8,20240819,6,1,3,3,7,6650.00,1330.0,5320.0
29697,6,10,20241004,14,1,3,3,4,840.00,168.0,672.0
29860,1,7,20240331,14,1,3,3,1,4200.00,840.0,3360.0
30018,9,2,20250607,7,1,3,3,4,1120.00,224.0,896.0
30068,2,4,20231018,12,1,3,3,7,17500.00,3500.0,14000.0
30073,7,3,20240823,14,1,3,3,1,1850.00,370.0,1480.0
30229,1,10,20240229,8,1,3,3,1,4200.00,840.0,3360.0
30239,11,6,20240315,11,1,3,3,5,4750.00,950.0,3800.0
30266,8,10,20250111,11,1,3,3,3,2850.00,570.0,2280.0
30366,4,10,20251006,8,1,3,3,4,1280.00,256.0,1024.0
30429,2,2,20250414,10,1,3,3,3,7500.00,1500.0,6000.0
30515,1,8,20240219,4,1,3,3,9,37800.00,7560.0,30240.0
30596,1,2,20250604,2,1,3,3,4,16800.00,3360.0,13440.0
30718,8,7,20231221,15,1,3,3,7,6650.00,1330.0,5320.0
30908,3,3,20250826,4,1,3,3,2,10200.00,2040.0,8160.0
31051,1,9,20240719,8,1,3,3,1,4200.00,840.0,3360.0
31060,9,10,20250512,15,1,3,3,7,1960.00,392.0,1568.0
31112,11,6,20240316,1,1,3,3,8,7600.00,1520.0,6080.0
32025,4,10,20240314,15,1,3,3,4,1280.00,256.0,1024.0
32178,7,2,20240630,5,1,3,3,5,9250.00,1850.0,7400.0
32209,11,8,20240206,8,1,3,3,1,950.00,190.0,760.0
32444,3,4,20250719,8,1,3,3,10,51000.00,10200.0,40800.0
32520,1,6,20230308,8,1,3,3,3,12600.00,2520.0,10080.0
32671,6,11,20230926,3,1,3,3,1,210.00,42.0,168.0
32709,1,11,20231025,10,1,3,3,3,12600.00,2520.0,10080.0
32784,10,4,20250914,3,1,3,3,2,780.00,156.0,624.0
32828,9,1,20250526,12,1,3,3,10,2800.00,560.0,2240.0
33077,8,8,20230308,4,1,3,3,2,1900.00,380.0,1520.0
33229,2,4,20241120,2,1,3,3,10,25000.00,5000.0,20000.0
33270,1,3,20231118,5,1,3,3,8,33600.00,6720.0,26880.0
33316,10,2,20241224,1,1,3,3,5,1950.00,390.0,1560.0
33332,3,4,20250612,9,1,3,3,8,40800.00,8160.0,32640.0
33484,8,11,20231121,15,1,3,3,5,4750.00,950.0,3800.0
33608,11,6,20230410,6,1,3,3,10,9500.00,1900.0,7600.0
33614,4,3,20240808,10,1,3,3,9,2880.00,576.0,2304.0
33650,5,1,20230808,15,1,3,3,5,3400.00,680.0,2720.0
33804,7,7,20250819,2,1,3,3,2,3700.00,740.0,2960.0
34016,11,6,20230218,6,1,3,3,8,7600.00,1520.0,6080.0
34123,5,6,20231108,8,1,3,3,3,2040.00,408.0,1632.0
34229,4,9,20230503,6,1,3,3,9,2880.00,576.0,2304.0
34307,11,10,20240125,12,1,3,3,1,950.00,190.0,760.0
34387,11,1,20250703,13,1,3,3,5,4750.00,950.0,3800.0
34466,3,5,20240809,9,1,3,3,5,25500.00,5100.0,20400.0
34479,5,2,20241016,1,1,3,3,2,1360.00,272.0,1088.0
34560,5,10,20250227,1,1,3,3,3,2040.00,408.0,1632.0
34592,7,3,20240929,11,1,3,3,4,7400.00,1480.0,5920.0
34731,4,3,20250104,8,1,3,3,2,640.00,128.0,512.0
34972,1,8,20230421,7,1,3,3,9,37800.00,7560.0,30240.0
